--------------------------------------------------------------------------------
Release 13.4 Trace  (lin64)
Copyright (c) 1995-2011 Xilinx, Inc.  All rights reserved.

/CMC/tools/xilinx/13.4/ISE_DS/ISE/bin/lin64/unwrapped/trce -intstyle ise -v 3
-s 5 -n 3 -fastpaths -xml PONG.twx PONG.ncd -o PONG.twr PONG.pcf -ucf PONG.ucf

Design file:              PONG.ncd
Physical constraint file: PONG.pcf
Device,package,speed:     xc3s500e,fg320,-5 (PRODUCTION 1.27 2012-01-07)
Report level:             verbose report

Environment Variable      Effect 
--------------------      ------ 
NONE                      No environment variables were set
--------------------------------------------------------------------------------

INFO:Timing:3412 - To improve timing, see the Timing Closure User Guide (UG612).
INFO:Timing:2752 - To get complete path coverage, use the unconstrained paths 
   option. All paths that are not constrained will be reported in the 
   unconstrained paths section(s) of the report.
INFO:Timing:3339 - The clock-to-out numbers in this timing report are based on 
   a 50 Ohm transmission line loading model.  For the details of this model, 
   and for more information on accounting for different loading conditions, 
   please see the device datasheet.
INFO:Timing:3390 - This architecture does not support a default System Jitter 
   value, please add SYSTEM_JITTER constraint to the UCF to modify the Clock 
   Uncertainty calculation.
INFO:Timing:3389 - This architecture does not support 'Discrete Jitter' and 
   'Phase Error' calculations, these terms will be zero in the Clock 
   Uncertainty calculation.  Please make appropriate modification to 
   SYSTEM_JITTER to account for the unsupported Discrete Jitter and Phase 
   Error.

================================================================================
Timing constraint: PATH "TS_D2_TO_T2_path" TIG;

 3 paths analyzed, 3 endpoints analyzed, 0 failing endpoints
 0 timing errors detected. (0 setup errors, 0 hold errors)
--------------------------------------------------------------------------------

Paths for end point sys_ila/U0/I_YES_D.U_ILA/U_STAT/U_TDO (SLICE_X44Y79.F2), 1 path
--------------------------------------------------------------------------------
Delay (setup path):     5.545ns (data path - clock path skew + uncertainty)
  Source:               sys_ila/U0/I_YES_D.U_ILA/U_STAT/U_DIRTY_LDC (LATCH)
  Destination:          sys_ila/U0/I_YES_D.U_ILA/U_STAT/U_TDO (FF)
  Data Path Delay:      5.545ns (Levels of Logic = 4)
  Clock Path Skew:      0.000ns
  Source Clock:         control0<13> falling
  Destination Clock:    control0<0> rising at 0.000ns
  Clock Uncertainty:    0.000ns

  Maximum Data Path: sys_ila/U0/I_YES_D.U_ILA/U_STAT/U_DIRTY_LDC to sys_ila/U0/I_YES_D.U_ILA/U_STAT/U_TDO
    Location             Delay type         Delay(ns)  Physical Resource
                                                       Logical Resource(s)
    -------------------------------------------------  -------------------
    SLICE_X45Y70.YQ      Tcklo                 0.580   sys_ila/U0/I_YES_D.U_ILA/U_STAT/DIRTY_SEL
                                                       sys_ila/U0/I_YES_D.U_ILA/U_STAT/U_DIRTY_LDC
    SLICE_X44Y70.F4      net (fanout=1)        0.317   sys_ila/U0/I_YES_D.U_ILA/U_STAT/DIRTY_SEL
    SLICE_X44Y70.X       Tilo                  0.660   sys_ila/U0/I_YES_D.U_ILA/U_STAT/DIRTY_D0
                                                       sys_ila/U0/I_YES_D.U_ILA/U_STAT/DIRTY_dstat1
    SLICE_X44Y72.G1      net (fanout=2)        0.378   sys_ila/U0/I_YES_D.U_ILA/U_STAT/DIRTY_dstat
    SLICE_X44Y72.X       Tif5x                 1.000   sys_ila/U0/I_YES_D.U_ILA/U_STAT/U_DMUX/U_CS_MUX/I3.U_MUX8/Mmux_O_91
                                                       sys_ila/U0/I_YES_D.U_ILA/U_STAT/U_DMUX/U_CS_MUX/I3.U_MUX8/Mmux_O_91_F
                                                       sys_ila/U0/I_YES_D.U_ILA/U_STAT/U_DMUX/U_CS_MUX/I3.U_MUX8/Mmux_O_91
    SLICE_X43Y73.G2      net (fanout=1)        0.347   sys_ila/U0/I_YES_D.U_ILA/U_STAT/U_DMUX/U_CS_MUX/I3.U_MUX8/Mmux_O_91
    SLICE_X43Y73.X       Tif5x                 0.890   sys_ila/U0/I_YES_D.U_ILA/U_STAT/TDO_mux_in<0>1
                                                       sys_ila/U0/I_YES_D.U_ILA/U_STAT/U_DMUX/U_CS_MUX/I3.U_MUX8/Mmux_O_4
                                                       sys_ila/U0/I_YES_D.U_ILA/U_STAT/U_DMUX/U_CS_MUX/I3.U_MUX8/Mmux_O_2_f5
    SLICE_X44Y79.F2      net (fanout=1)        0.597   sys_ila/U0/I_YES_D.U_ILA/U_STAT/TDO_mux_in<0>1
    SLICE_X44Y79.CLK     Tfck                  0.776   sys_ila/U0/I_YES_D.U_ILA/iSTAT_DOUT
                                                       sys_ila/U0/I_YES_D.U_ILA/U_STAT/U_MUX/U_CS_MUX/I1.U_MUX2/O87
                                                       sys_ila/U0/I_YES_D.U_ILA/U_STAT/U_TDO
    -------------------------------------------------  ---------------------------
    Total                                      5.545ns (3.906ns logic, 1.639ns route)
                                                       (70.4% logic, 29.6% route)

--------------------------------------------------------------------------------

Paths for end point sys_ila/U0/I_YES_D.U_ILA/U_STAT/U_DIRTY_FDPE (SLICE_X45Y71.BY), 1 path
--------------------------------------------------------------------------------
Delay (setup path):     2.277ns (data path - clock path skew + uncertainty)
  Source:               sys_ila/U0/I_YES_D.U_ILA/U_STAT/U_DIRTY_LDC (LATCH)
  Destination:          sys_ila/U0/I_YES_D.U_ILA/U_STAT/U_DIRTY_FDPE (FF)
  Data Path Delay:      2.277ns (Levels of Logic = 1)
  Clock Path Skew:      0.000ns
  Source Clock:         control0<13> falling
  Destination Clock:    control0<0> rising at 0.000ns
  Clock Uncertainty:    0.000ns

  Maximum Data Path: sys_ila/U0/I_YES_D.U_ILA/U_STAT/U_DIRTY_LDC to sys_ila/U0/I_YES_D.U_ILA/U_STAT/U_DIRTY_FDPE
    Location             Delay type         Delay(ns)  Physical Resource
                                                       Logical Resource(s)
    -------------------------------------------------  -------------------
    SLICE_X45Y70.YQ      Tcklo                 0.580   sys_ila/U0/I_YES_D.U_ILA/U_STAT/DIRTY_SEL
                                                       sys_ila/U0/I_YES_D.U_ILA/U_STAT/U_DIRTY_LDC
    SLICE_X44Y70.F4      net (fanout=1)        0.317   sys_ila/U0/I_YES_D.U_ILA/U_STAT/DIRTY_SEL
    SLICE_X44Y70.X       Tilo                  0.660   sys_ila/U0/I_YES_D.U_ILA/U_STAT/DIRTY_D0
                                                       sys_ila/U0/I_YES_D.U_ILA/U_STAT/DIRTY_dstat1
    SLICE_X45Y71.BY      net (fanout=2)        0.406   sys_ila/U0/I_YES_D.U_ILA/U_STAT/DIRTY_dstat
    SLICE_X45Y71.CLK     Tdick                 0.314   sys_ila/U0/I_YES_D.U_ILA/U_STAT/DIRTY_D1
                                                       sys_ila/U0/I_YES_D.U_ILA/U_STAT/U_DIRTY_FDPE
    -------------------------------------------------  ---------------------------
    Total                                      2.277ns (1.554ns logic, 0.723ns route)
                                                       (68.2% logic, 31.8% route)

--------------------------------------------------------------------------------

Paths for end point sys_ila/U0/I_YES_D.U_ILA/U_STAT/U_DIRTY_FDCE (SLICE_X44Y70.F4), 1 path
--------------------------------------------------------------------------------
Delay (setup path):     1.673ns (data path - clock path skew + uncertainty)
  Source:               sys_ila/U0/I_YES_D.U_ILA/U_STAT/U_DIRTY_LDC (LATCH)
  Destination:          sys_ila/U0/I_YES_D.U_ILA/U_STAT/U_DIRTY_FDCE (FF)
  Data Path Delay:      1.673ns (Levels of Logic = 1)
  Clock Path Skew:      0.000ns
  Source Clock:         control0<13> falling
  Destination Clock:    control0<0> rising at 0.000ns
  Clock Uncertainty:    0.000ns

  Maximum Data Path: sys_ila/U0/I_YES_D.U_ILA/U_STAT/U_DIRTY_LDC to sys_ila/U0/I_YES_D.U_ILA/U_STAT/U_DIRTY_FDCE
    Location             Delay type         Delay(ns)  Physical Resource
                                                       Logical Resource(s)
    -------------------------------------------------  -------------------
    SLICE_X45Y70.YQ      Tcklo                 0.580   sys_ila/U0/I_YES_D.U_ILA/U_STAT/DIRTY_SEL
                                                       sys_ila/U0/I_YES_D.U_ILA/U_STAT/U_DIRTY_LDC
    SLICE_X44Y70.F4      net (fanout=1)        0.317   sys_ila/U0/I_YES_D.U_ILA/U_STAT/DIRTY_SEL
    SLICE_X44Y70.CLK     Tfck                  0.776   sys_ila/U0/I_YES_D.U_ILA/U_STAT/DIRTY_D0
                                                       sys_ila/U0/I_YES_D.U_ILA/U_STAT/DIRTY_dstat1
                                                       sys_ila/U0/I_YES_D.U_ILA/U_STAT/U_DIRTY_FDCE
    -------------------------------------------------  ---------------------------
    Total                                      1.673ns (1.356ns logic, 0.317ns route)
                                                       (81.1% logic, 18.9% route)

--------------------------------------------------------------------------------

Hold Paths: PATH "TS_D2_TO_T2_path" TIG;
--------------------------------------------------------------------------------

Paths for end point sys_ila/U0/I_YES_D.U_ILA/U_STAT/U_DIRTY_FDCE (SLICE_X44Y70.F4), 1 path
--------------------------------------------------------------------------------
Delay (hold path):      1.204ns (datapath - clock path skew - uncertainty)
  Source:               sys_ila/U0/I_YES_D.U_ILA/U_STAT/U_DIRTY_LDC (LATCH)
  Destination:          sys_ila/U0/I_YES_D.U_ILA/U_STAT/U_DIRTY_FDCE (FF)
  Data Path Delay:      1.204ns (Levels of Logic = 1)
  Clock Path Skew:      0.000ns
  Source Clock:         control0<13> falling
  Destination Clock:    control0<0> rising at 0.000ns
  Clock Uncertainty:    0.000ns

  Minimum Data Path: sys_ila/U0/I_YES_D.U_ILA/U_STAT/U_DIRTY_LDC to sys_ila/U0/I_YES_D.U_ILA/U_STAT/U_DIRTY_FDCE
    Location             Delay type         Delay(ns)  Physical Resource
                                                       Logical Resource(s)
    -------------------------------------------------  -------------------
    SLICE_X45Y70.YQ      Tcklo                 0.464   sys_ila/U0/I_YES_D.U_ILA/U_STAT/DIRTY_SEL
                                                       sys_ila/U0/I_YES_D.U_ILA/U_STAT/U_DIRTY_LDC
    SLICE_X44Y70.F4      net (fanout=1)        0.253   sys_ila/U0/I_YES_D.U_ILA/U_STAT/DIRTY_SEL
    SLICE_X44Y70.CLK     Tckf        (-Th)    -0.487   sys_ila/U0/I_YES_D.U_ILA/U_STAT/DIRTY_D0
                                                       sys_ila/U0/I_YES_D.U_ILA/U_STAT/DIRTY_dstat1
                                                       sys_ila/U0/I_YES_D.U_ILA/U_STAT/U_DIRTY_FDCE
    -------------------------------------------------  ---------------------------
    Total                                      1.204ns (0.951ns logic, 0.253ns route)
                                                       (79.0% logic, 21.0% route)

--------------------------------------------------------------------------------

Paths for end point sys_ila/U0/I_YES_D.U_ILA/U_STAT/U_DIRTY_FDPE (SLICE_X45Y71.BY), 1 path
--------------------------------------------------------------------------------
Delay (hold path):      1.687ns (datapath - clock path skew - uncertainty)
  Source:               sys_ila/U0/I_YES_D.U_ILA/U_STAT/U_DIRTY_LDC (LATCH)
  Destination:          sys_ila/U0/I_YES_D.U_ILA/U_STAT/U_DIRTY_FDPE (FF)
  Data Path Delay:      1.687ns (Levels of Logic = 1)
  Clock Path Skew:      0.000ns
  Source Clock:         control0<13> falling
  Destination Clock:    control0<0> rising at 0.000ns
  Clock Uncertainty:    0.000ns

  Minimum Data Path: sys_ila/U0/I_YES_D.U_ILA/U_STAT/U_DIRTY_LDC to sys_ila/U0/I_YES_D.U_ILA/U_STAT/U_DIRTY_FDPE
    Location             Delay type         Delay(ns)  Physical Resource
                                                       Logical Resource(s)
    -------------------------------------------------  -------------------
    SLICE_X45Y70.YQ      Tcklo                 0.464   sys_ila/U0/I_YES_D.U_ILA/U_STAT/DIRTY_SEL
                                                       sys_ila/U0/I_YES_D.U_ILA/U_STAT/U_DIRTY_LDC
    SLICE_X44Y70.F4      net (fanout=1)        0.253   sys_ila/U0/I_YES_D.U_ILA/U_STAT/DIRTY_SEL
    SLICE_X44Y70.X       Tilo                  0.528   sys_ila/U0/I_YES_D.U_ILA/U_STAT/DIRTY_D0
                                                       sys_ila/U0/I_YES_D.U_ILA/U_STAT/DIRTY_dstat1
    SLICE_X45Y71.BY      net (fanout=2)        0.325   sys_ila/U0/I_YES_D.U_ILA/U_STAT/DIRTY_dstat
    SLICE_X45Y71.CLK     Tckdi       (-Th)    -0.117   sys_ila/U0/I_YES_D.U_ILA/U_STAT/DIRTY_D1
                                                       sys_ila/U0/I_YES_D.U_ILA/U_STAT/U_DIRTY_FDPE
    -------------------------------------------------  ---------------------------
    Total                                      1.687ns (1.109ns logic, 0.578ns route)
                                                       (65.7% logic, 34.3% route)

--------------------------------------------------------------------------------

Paths for end point sys_ila/U0/I_YES_D.U_ILA/U_STAT/U_TDO (SLICE_X44Y79.F2), 1 path
--------------------------------------------------------------------------------
Delay (hold path):      4.302ns (datapath - clock path skew - uncertainty)
  Source:               sys_ila/U0/I_YES_D.U_ILA/U_STAT/U_DIRTY_LDC (LATCH)
  Destination:          sys_ila/U0/I_YES_D.U_ILA/U_STAT/U_TDO (FF)
  Data Path Delay:      4.302ns (Levels of Logic = 4)
  Clock Path Skew:      0.000ns
  Source Clock:         control0<13> falling
  Destination Clock:    control0<0> rising at 0.000ns
  Clock Uncertainty:    0.000ns

  Minimum Data Path: sys_ila/U0/I_YES_D.U_ILA/U_STAT/U_DIRTY_LDC to sys_ila/U0/I_YES_D.U_ILA/U_STAT/U_TDO
    Location             Delay type         Delay(ns)  Physical Resource
                                                       Logical Resource(s)
    -------------------------------------------------  -------------------
    SLICE_X45Y70.YQ      Tcklo                 0.464   sys_ila/U0/I_YES_D.U_ILA/U_STAT/DIRTY_SEL
                                                       sys_ila/U0/I_YES_D.U_ILA/U_STAT/U_DIRTY_LDC
    SLICE_X44Y70.F4      net (fanout=1)        0.253   sys_ila/U0/I_YES_D.U_ILA/U_STAT/DIRTY_SEL
    SLICE_X44Y70.X       Tilo                  0.528   sys_ila/U0/I_YES_D.U_ILA/U_STAT/DIRTY_D0
                                                       sys_ila/U0/I_YES_D.U_ILA/U_STAT/DIRTY_dstat1
    SLICE_X44Y72.G1      net (fanout=2)        0.302   sys_ila/U0/I_YES_D.U_ILA/U_STAT/DIRTY_dstat
    SLICE_X44Y72.X       Tif5x                 0.800   sys_ila/U0/I_YES_D.U_ILA/U_STAT/U_DMUX/U_CS_MUX/I3.U_MUX8/Mmux_O_91
                                                       sys_ila/U0/I_YES_D.U_ILA/U_STAT/U_DMUX/U_CS_MUX/I3.U_MUX8/Mmux_O_91_F
                                                       sys_ila/U0/I_YES_D.U_ILA/U_STAT/U_DMUX/U_CS_MUX/I3.U_MUX8/Mmux_O_91
    SLICE_X43Y73.G2      net (fanout=1)        0.278   sys_ila/U0/I_YES_D.U_ILA/U_STAT/U_DMUX/U_CS_MUX/I3.U_MUX8/Mmux_O_91
    SLICE_X43Y73.X       Tif5x                 0.712   sys_ila/U0/I_YES_D.U_ILA/U_STAT/TDO_mux_in<0>1
                                                       sys_ila/U0/I_YES_D.U_ILA/U_STAT/U_DMUX/U_CS_MUX/I3.U_MUX8/Mmux_O_4
                                                       sys_ila/U0/I_YES_D.U_ILA/U_STAT/U_DMUX/U_CS_MUX/I3.U_MUX8/Mmux_O_2_f5
    SLICE_X44Y79.F2      net (fanout=1)        0.478   sys_ila/U0/I_YES_D.U_ILA/U_STAT/TDO_mux_in<0>1
    SLICE_X44Y79.CLK     Tckf        (-Th)    -0.487   sys_ila/U0/I_YES_D.U_ILA/iSTAT_DOUT
                                                       sys_ila/U0/I_YES_D.U_ILA/U_STAT/U_MUX/U_CS_MUX/I1.U_MUX2/O87
                                                       sys_ila/U0/I_YES_D.U_ILA/U_STAT/U_TDO
    -------------------------------------------------  ---------------------------
    Total                                      4.302ns (2.991ns logic, 1.311ns route)
                                                       (69.5% logic, 30.5% route)

--------------------------------------------------------------------------------

================================================================================
Timing constraint: PATH "TS_J2_TO_D2_path" TIG;

 0 paths analyzed, 0 endpoints analyzed, 0 failing endpoints
 0 timing errors detected.
--------------------------------------------------------------------------------

================================================================================
Timing constraint: PATH "TS_J3_TO_D2_path" TIG;

 0 paths analyzed, 0 endpoints analyzed, 0 failing endpoints
 0 timing errors detected.
--------------------------------------------------------------------------------

================================================================================
Timing constraint: PATH "TS_J4_TO_D2_path" TIG;

 11 paths analyzed, 1 endpoint analyzed, 0 failing endpoints
 0 timing errors detected. (0 setup errors, 0 hold errors)
--------------------------------------------------------------------------------

Paths for end point sys_ila/U0/I_YES_D.U_ILA/U_STAT/U_DIRTY_LDC (SLICE_X45Y70.CLK), 11 paths
--------------------------------------------------------------------------------
Delay (setup path):     5.585ns (data path)
  Source:               sys_icon/U0/U_ICON/U_SYNC/U_SYNC (FF)
  Destination:          sys_ila/U0/I_YES_D.U_ILA/U_STAT/U_DIRTY_LDC (LATCH)
  Data Path Delay:      5.585ns (Levels of Logic = 2)
  Source Clock:         control0<0> rising at 0.000ns

  Maximum Data Path: sys_icon/U0/U_ICON/U_SYNC/U_SYNC to sys_ila/U0/I_YES_D.U_ILA/U_STAT/U_DIRTY_LDC
    Location             Delay type         Delay(ns)  Physical Resource
                                                       Logical Resource(s)
    -------------------------------------------------  -------------------
    SLICE_X64Y88.YQ      Tcko                  0.567   sys_icon/U0/U_ICON/iSYNC
                                                       sys_icon/U0/U_ICON/U_SYNC/U_SYNC
    SLICE_X65Y88.F1      net (fanout=2)        0.490   sys_icon/U0/U_ICON/iSYNC
    SLICE_X65Y88.X       Tilo                  0.612   sys_icon/U0/U_ICON/U_CTRL_OUT/iDATA_VALID
                                                       sys_icon/U0/U_ICON/U_CTRL_OUT/U_DATA_VALID
    SLICE_X47Y71.G1      net (fanout=29)       2.035   sys_icon/U0/U_ICON/U_CTRL_OUT/iDATA_VALID
    SLICE_X47Y71.Y       Tilo                  0.612   sys_ila/U0/I_YES_D.U_ILA/U_RST/U_HALT_XFER/din_latched
                                                       sys_icon/U0/U_ICON/U_CTRL_OUT/F_NCP[0].F_CMD[9].U_LCE
    SLICE_X45Y70.CLK     net (fanout=5)        1.269   control0<13>
    -------------------------------------------------  ---------------------------
    Total                                      5.585ns (1.791ns logic, 3.794ns route)
                                                       (32.1% logic, 67.9% route)

--------------------------------------------------------------------------------
Delay (setup path):     5.035ns (data path)
  Source:               sys_icon/U0/U_ICON/U_CMD/G_TARGET[12].I_NE0.U_TARGET (FF)
  Destination:          sys_ila/U0/I_YES_D.U_ILA/U_STAT/U_DIRTY_LDC (LATCH)
  Data Path Delay:      5.035ns (Levels of Logic = 2)
  Source Clock:         control0<0> rising at 0.000ns

  Maximum Data Path: sys_icon/U0/U_ICON/U_CMD/G_TARGET[12].I_NE0.U_TARGET to sys_ila/U0/I_YES_D.U_ILA/U_STAT/U_DIRTY_LDC
    Location             Delay type         Delay(ns)  Physical Resource
                                                       Logical Resource(s)
    -------------------------------------------------  -------------------
    SLICE_X54Y84.YQ      Tcko                  0.567   sys_icon/U0/U_ICON/iCORE_ID<1>
                                                       sys_icon/U0/U_ICON/U_CMD/G_TARGET[12].I_NE0.U_TARGET
    SLICE_X54Y85.F2      net (fanout=5)        0.593   sys_icon/U0/U_ICON/iCORE_ID<0>
    SLICE_X54Y85.X       Tilo                  0.660   sys_icon/U0/U_ICON/iCORE_ID_SEL<0>
                                                       sys_icon/U0/U_ICON/U_CMD/U_CORE_ID_SEL/I4.FI[0].U_LUT
    SLICE_X47Y71.G2      net (fanout=29)       1.334   sys_icon/U0/U_ICON/iCORE_ID_SEL<0>
    SLICE_X47Y71.Y       Tilo                  0.612   sys_ila/U0/I_YES_D.U_ILA/U_RST/U_HALT_XFER/din_latched
                                                       sys_icon/U0/U_ICON/U_CTRL_OUT/F_NCP[0].F_CMD[9].U_LCE
    SLICE_X45Y70.CLK     net (fanout=5)        1.269   control0<13>
    -------------------------------------------------  ---------------------------
    Total                                      5.035ns (1.839ns logic, 3.196ns route)
                                                       (36.5% logic, 63.5% route)

--------------------------------------------------------------------------------
Delay (setup path):     5.007ns (data path)
  Source:               sys_icon/U0/U_ICON/U_CMD/G_TARGET[13].I_NE0.U_TARGET (FF)
  Destination:          sys_ila/U0/I_YES_D.U_ILA/U_STAT/U_DIRTY_LDC (LATCH)
  Data Path Delay:      5.007ns (Levels of Logic = 2)
  Source Clock:         control0<0> rising at 0.000ns

  Maximum Data Path: sys_icon/U0/U_ICON/U_CMD/G_TARGET[13].I_NE0.U_TARGET to sys_ila/U0/I_YES_D.U_ILA/U_STAT/U_DIRTY_LDC
    Location             Delay type         Delay(ns)  Physical Resource
                                                       Logical Resource(s)
    -------------------------------------------------  -------------------
    SLICE_X54Y84.XQ      Tcko                  0.515   sys_icon/U0/U_ICON/iCORE_ID<1>
                                                       sys_icon/U0/U_ICON/U_CMD/G_TARGET[13].I_NE0.U_TARGET
    SLICE_X54Y85.F1      net (fanout=5)        0.617   sys_icon/U0/U_ICON/iCORE_ID<1>
    SLICE_X54Y85.X       Tilo                  0.660   sys_icon/U0/U_ICON/iCORE_ID_SEL<0>
                                                       sys_icon/U0/U_ICON/U_CMD/U_CORE_ID_SEL/I4.FI[0].U_LUT
    SLICE_X47Y71.G2      net (fanout=29)       1.334   sys_icon/U0/U_ICON/iCORE_ID_SEL<0>
    SLICE_X47Y71.Y       Tilo                  0.612   sys_ila/U0/I_YES_D.U_ILA/U_RST/U_HALT_XFER/din_latched
                                                       sys_icon/U0/U_ICON/U_CTRL_OUT/F_NCP[0].F_CMD[9].U_LCE
    SLICE_X45Y70.CLK     net (fanout=5)        1.269   control0<13>
    -------------------------------------------------  ---------------------------
    Total                                      5.007ns (1.787ns logic, 3.220ns route)
                                                       (35.7% logic, 64.3% route)

--------------------------------------------------------------------------------

================================================================================
Timing constraint: TS_U_TO_J = MAXDELAY FROM TIMEGRP "U_CLK" TO TIMEGRP "J_CLK" 
15 ns;
For more information, see From:To (Multicycle) Analysis in the Timing Closure User Guide (UG612).

 18 paths analyzed, 18 endpoints analyzed, 0 failing endpoints
 0 timing errors detected. (0 setup errors, 0 hold errors)
 Maximum delay is   3.376ns.
--------------------------------------------------------------------------------

Paths for end point sys_icon/U0/U_ICON/U_CMD/G_TARGET[15].I_EQ0.U_TARGET (SLICE_X55Y84.CE), 1 path
--------------------------------------------------------------------------------
Slack (setup paths):    11.624ns (requirement - (data path - clock path skew + uncertainty))
  Source:               sys_icon/U0/U_ICON/U_iDATA_CMD (FF)
  Destination:          sys_icon/U0/U_ICON/U_CMD/G_TARGET[15].I_EQ0.U_TARGET (FF)
  Requirement:          15.000ns
  Data Path Delay:      3.376ns (Levels of Logic = 1)
  Clock Path Skew:      0.000ns
  Source Clock:         sys_icon/U0/iUPDATE_OUT rising
  Destination Clock:    control0<0> rising at 0.000ns
  Clock Uncertainty:    0.000ns

  Maximum Data Path: sys_icon/U0/U_ICON/U_iDATA_CMD to sys_icon/U0/U_ICON/U_CMD/G_TARGET[15].I_EQ0.U_TARGET
    Location             Delay type         Delay(ns)  Physical Resource
                                                       Logical Resource(s)
    -------------------------------------------------  -------------------
    SLICE_X67Y91.YQ      Tcko                  0.511   sys_icon/U0/U_ICON/iDATA_CMD
                                                       sys_icon/U0/U_ICON/U_iDATA_CMD
    SLICE_X65Y88.G4      net (fanout=7)        0.408   sys_icon/U0/U_ICON/iDATA_CMD
    SLICE_X65Y88.Y       Tilo                  0.612   sys_icon/U0/U_ICON/U_CTRL_OUT/iDATA_VALID
                                                       sys_icon/U0/U_ICON/U_CMD/U_TARGET_CE
    SLICE_X55Y84.CE      net (fanout=5)        1.362   sys_icon/U0/U_ICON/U_CMD/iTARGET_CE
    SLICE_X55Y84.CLK     Tceck                 0.483   sys_icon/U0/U_ICON/iCORE_ID<3>
                                                       sys_icon/U0/U_ICON/U_CMD/G_TARGET[15].I_EQ0.U_TARGET
    -------------------------------------------------  ---------------------------
    Total                                      3.376ns (1.606ns logic, 1.770ns route)
                                                       (47.6% logic, 52.4% route)

--------------------------------------------------------------------------------

Paths for end point sys_icon/U0/U_ICON/U_CMD/G_TARGET[14].I_NE0.U_TARGET (SLICE_X55Y84.CE), 1 path
--------------------------------------------------------------------------------
Slack (setup paths):    11.624ns (requirement - (data path - clock path skew + uncertainty))
  Source:               sys_icon/U0/U_ICON/U_iDATA_CMD (FF)
  Destination:          sys_icon/U0/U_ICON/U_CMD/G_TARGET[14].I_NE0.U_TARGET (FF)
  Requirement:          15.000ns
  Data Path Delay:      3.376ns (Levels of Logic = 1)
  Clock Path Skew:      0.000ns
  Source Clock:         sys_icon/U0/iUPDATE_OUT rising
  Destination Clock:    control0<0> rising at 0.000ns
  Clock Uncertainty:    0.000ns

  Maximum Data Path: sys_icon/U0/U_ICON/U_iDATA_CMD to sys_icon/U0/U_ICON/U_CMD/G_TARGET[14].I_NE0.U_TARGET
    Location             Delay type         Delay(ns)  Physical Resource
                                                       Logical Resource(s)
    -------------------------------------------------  -------------------
    SLICE_X67Y91.YQ      Tcko                  0.511   sys_icon/U0/U_ICON/iDATA_CMD
                                                       sys_icon/U0/U_ICON/U_iDATA_CMD
    SLICE_X65Y88.G4      net (fanout=7)        0.408   sys_icon/U0/U_ICON/iDATA_CMD
    SLICE_X65Y88.Y       Tilo                  0.612   sys_icon/U0/U_ICON/U_CTRL_OUT/iDATA_VALID
                                                       sys_icon/U0/U_ICON/U_CMD/U_TARGET_CE
    SLICE_X55Y84.CE      net (fanout=5)        1.362   sys_icon/U0/U_ICON/U_CMD/iTARGET_CE
    SLICE_X55Y84.CLK     Tceck                 0.483   sys_icon/U0/U_ICON/iCORE_ID<3>
                                                       sys_icon/U0/U_ICON/U_CMD/G_TARGET[14].I_NE0.U_TARGET
    -------------------------------------------------  ---------------------------
    Total                                      3.376ns (1.606ns logic, 1.770ns route)
                                                       (47.6% logic, 52.4% route)

--------------------------------------------------------------------------------

Paths for end point sys_icon/U0/U_ICON/U_CMD/G_TARGET[9].I_NE0.U_TARGET (SLICE_X54Y81.CE), 1 path
--------------------------------------------------------------------------------
Slack (setup paths):    11.635ns (requirement - (data path - clock path skew + uncertainty))
  Source:               sys_icon/U0/U_ICON/U_iDATA_CMD (FF)
  Destination:          sys_icon/U0/U_ICON/U_CMD/G_TARGET[9].I_NE0.U_TARGET (FF)
  Requirement:          15.000ns
  Data Path Delay:      3.365ns (Levels of Logic = 1)
  Clock Path Skew:      0.000ns
  Source Clock:         sys_icon/U0/iUPDATE_OUT rising
  Destination Clock:    control0<0> rising at 0.000ns
  Clock Uncertainty:    0.000ns

  Maximum Data Path: sys_icon/U0/U_ICON/U_iDATA_CMD to sys_icon/U0/U_ICON/U_CMD/G_TARGET[9].I_NE0.U_TARGET
    Location             Delay type         Delay(ns)  Physical Resource
                                                       Logical Resource(s)
    -------------------------------------------------  -------------------
    SLICE_X67Y91.YQ      Tcko                  0.511   sys_icon/U0/U_ICON/iDATA_CMD
                                                       sys_icon/U0/U_ICON/U_iDATA_CMD
    SLICE_X65Y88.G4      net (fanout=7)        0.408   sys_icon/U0/U_ICON/iDATA_CMD
    SLICE_X65Y88.Y       Tilo                  0.612   sys_icon/U0/U_ICON/U_CTRL_OUT/iDATA_VALID
                                                       sys_icon/U0/U_ICON/U_CMD/U_TARGET_CE
    SLICE_X54Y81.CE      net (fanout=5)        1.351   sys_icon/U0/U_ICON/U_CMD/iTARGET_CE
    SLICE_X54Y81.CLK     Tceck                 0.483   sys_icon/U0/U_ICON/U_CMD/iTARGET<9>
                                                       sys_icon/U0/U_ICON/U_CMD/G_TARGET[9].I_NE0.U_TARGET
    -------------------------------------------------  ---------------------------
    Total                                      3.365ns (1.606ns logic, 1.759ns route)
                                                       (47.7% logic, 52.3% route)

--------------------------------------------------------------------------------

Fastest Paths: TS_U_TO_J = MAXDELAY FROM TIMEGRP "U_CLK" TO TIMEGRP "J_CLK" 15 ns;
--------------------------------------------------------------------------------

Paths for end point sys_icon/U0/U_ICON/U_SYNC/G_SYNC_WORD[6].I_EQ0.U_FDR (SLICE_X66Y88.SR), 1 path
--------------------------------------------------------------------------------
Slack (hold path):      1.576ns (requirement - (clock path skew + uncertainty - data path))
  Source:               sys_icon/U0/U_ICON/U_iDATA_CMD (FF)
  Destination:          sys_icon/U0/U_ICON/U_SYNC/G_SYNC_WORD[6].I_EQ0.U_FDR (FF)
  Requirement:          0.000ns
  Data Path Delay:      1.576ns (Levels of Logic = 0)
  Clock Path Skew:      0.000ns
  Source Clock:         sys_icon/U0/iUPDATE_OUT rising
  Destination Clock:    control0<0> rising at 0.000ns
  Clock Uncertainty:    0.000ns

  Minimum Data Path: sys_icon/U0/U_ICON/U_iDATA_CMD to sys_icon/U0/U_ICON/U_SYNC/G_SYNC_WORD[6].I_EQ0.U_FDR
    Location             Delay type         Delay(ns)  Physical Resource
                                                       Logical Resource(s)
    -------------------------------------------------  -------------------
    SLICE_X67Y91.YQ      Tcko                  0.409   sys_icon/U0/U_ICON/iDATA_CMD
                                                       sys_icon/U0/U_ICON/U_iDATA_CMD
    SLICE_X66Y88.SR      net (fanout=7)        0.676   sys_icon/U0/U_ICON/iDATA_CMD
    SLICE_X66Y88.CLK     Tcksr       (-Th)    -0.491   sys_icon/U0/U_ICON/U_SYNC/iSYNC_WORD<6>
                                                       sys_icon/U0/U_ICON/U_SYNC/G_SYNC_WORD[6].I_EQ0.U_FDR
    -------------------------------------------------  ---------------------------
    Total                                      1.576ns (0.900ns logic, 0.676ns route)
                                                       (57.1% logic, 42.9% route)

--------------------------------------------------------------------------------

Paths for end point sys_icon/U0/U_ICON/U_SYNC/G_SYNC_WORD[5].I_NE0.U_FDR (SLICE_X66Y89.SR), 1 path
--------------------------------------------------------------------------------
Slack (hold path):      1.576ns (requirement - (clock path skew + uncertainty - data path))
  Source:               sys_icon/U0/U_ICON/U_iDATA_CMD (FF)
  Destination:          sys_icon/U0/U_ICON/U_SYNC/G_SYNC_WORD[5].I_NE0.U_FDR (FF)
  Requirement:          0.000ns
  Data Path Delay:      1.576ns (Levels of Logic = 0)
  Clock Path Skew:      0.000ns
  Source Clock:         sys_icon/U0/iUPDATE_OUT rising
  Destination Clock:    control0<0> rising at 0.000ns
  Clock Uncertainty:    0.000ns

  Minimum Data Path: sys_icon/U0/U_ICON/U_iDATA_CMD to sys_icon/U0/U_ICON/U_SYNC/G_SYNC_WORD[5].I_NE0.U_FDR
    Location             Delay type         Delay(ns)  Physical Resource
                                                       Logical Resource(s)
    -------------------------------------------------  -------------------
    SLICE_X67Y91.YQ      Tcko                  0.409   sys_icon/U0/U_ICON/iDATA_CMD
                                                       sys_icon/U0/U_ICON/U_iDATA_CMD
    SLICE_X66Y89.SR      net (fanout=7)        0.676   sys_icon/U0/U_ICON/iDATA_CMD
    SLICE_X66Y89.CLK     Tcksr       (-Th)    -0.491   sys_icon/U0/U_ICON/U_SYNC/iSYNC_WORD<5>
                                                       sys_icon/U0/U_ICON/U_SYNC/G_SYNC_WORD[5].I_NE0.U_FDR
    -------------------------------------------------  ---------------------------
    Total                                      1.576ns (0.900ns logic, 0.676ns route)
                                                       (57.1% logic, 42.9% route)

--------------------------------------------------------------------------------

Paths for end point sys_icon/U0/U_ICON/U_SYNC/G_SYNC_WORD[4].I_NE0.U_FDR (SLICE_X66Y89.SR), 1 path
--------------------------------------------------------------------------------
Slack (hold path):      1.576ns (requirement - (clock path skew + uncertainty - data path))
  Source:               sys_icon/U0/U_ICON/U_iDATA_CMD (FF)
  Destination:          sys_icon/U0/U_ICON/U_SYNC/G_SYNC_WORD[4].I_NE0.U_FDR (FF)
  Requirement:          0.000ns
  Data Path Delay:      1.576ns (Levels of Logic = 0)
  Clock Path Skew:      0.000ns
  Source Clock:         sys_icon/U0/iUPDATE_OUT rising
  Destination Clock:    control0<0> rising at 0.000ns
  Clock Uncertainty:    0.000ns

  Minimum Data Path: sys_icon/U0/U_ICON/U_iDATA_CMD to sys_icon/U0/U_ICON/U_SYNC/G_SYNC_WORD[4].I_NE0.U_FDR
    Location             Delay type         Delay(ns)  Physical Resource
                                                       Logical Resource(s)
    -------------------------------------------------  -------------------
    SLICE_X67Y91.YQ      Tcko                  0.409   sys_icon/U0/U_ICON/iDATA_CMD
                                                       sys_icon/U0/U_ICON/U_iDATA_CMD
    SLICE_X66Y89.SR      net (fanout=7)        0.676   sys_icon/U0/U_ICON/iDATA_CMD
    SLICE_X66Y89.CLK     Tcksr       (-Th)    -0.491   sys_icon/U0/U_ICON/U_SYNC/iSYNC_WORD<5>
                                                       sys_icon/U0/U_ICON/U_SYNC/G_SYNC_WORD[4].I_NE0.U_FDR
    -------------------------------------------------  ---------------------------
    Total                                      1.576ns (0.900ns logic, 0.676ns route)
                                                       (57.1% logic, 42.9% route)

--------------------------------------------------------------------------------

================================================================================
Timing constraint: TS_U_TO_U = MAXDELAY FROM TIMEGRP "U_CLK" TO TIMEGRP "U_CLK" 
15 ns;
For more information, see From:To (Multicycle) Analysis in the Timing Closure User Guide (UG612).

 1 path analyzed, 1 endpoint analyzed, 0 failing endpoints
 0 timing errors detected. (0 setup errors, 0 hold errors)
 Maximum delay is   1.314ns.
--------------------------------------------------------------------------------

Paths for end point sys_icon/U0/U_ICON/U_iDATA_CMD (SLICE_X67Y91.BY), 1 path
--------------------------------------------------------------------------------
Slack (setup paths):    13.686ns (requirement - (data path - clock path skew + uncertainty))
  Source:               sys_icon/U0/U_ICON/U_iDATA_CMD (FF)
  Destination:          sys_icon/U0/U_ICON/U_iDATA_CMD (FF)
  Requirement:          15.000ns
  Data Path Delay:      1.314ns (Levels of Logic = 0)
  Clock Path Skew:      0.000ns
  Source Clock:         sys_icon/U0/iUPDATE_OUT rising
  Destination Clock:    sys_icon/U0/iUPDATE_OUT rising
  Clock Uncertainty:    0.000ns

  Maximum Data Path: sys_icon/U0/U_ICON/U_iDATA_CMD to sys_icon/U0/U_ICON/U_iDATA_CMD
    Location             Delay type         Delay(ns)  Physical Resource
                                                       Logical Resource(s)
    -------------------------------------------------  -------------------
    SLICE_X67Y91.YQ      Tcko                  0.511   sys_icon/U0/U_ICON/iDATA_CMD
                                                       sys_icon/U0/U_ICON/U_iDATA_CMD
    SLICE_X67Y91.BY      net (fanout=7)        0.489   sys_icon/U0/U_ICON/iDATA_CMD
    SLICE_X67Y91.CLK     Tdick                 0.314   sys_icon/U0/U_ICON/iDATA_CMD
                                                       sys_icon/U0/U_ICON/U_iDATA_CMD
    -------------------------------------------------  ---------------------------
    Total                                      1.314ns (0.825ns logic, 0.489ns route)
                                                       (62.8% logic, 37.2% route)

--------------------------------------------------------------------------------

Fastest Paths: TS_U_TO_U = MAXDELAY FROM TIMEGRP "U_CLK" TO TIMEGRP "U_CLK" 15 ns;
--------------------------------------------------------------------------------

Paths for end point sys_icon/U0/U_ICON/U_iDATA_CMD (SLICE_X67Y91.BY), 1 path
--------------------------------------------------------------------------------
Slack (hold path):      0.917ns (requirement - (clock path skew + uncertainty - data path))
  Source:               sys_icon/U0/U_ICON/U_iDATA_CMD (FF)
  Destination:          sys_icon/U0/U_ICON/U_iDATA_CMD (FF)
  Requirement:          0.000ns
  Data Path Delay:      0.917ns (Levels of Logic = 0)
  Clock Path Skew:      0.000ns
  Source Clock:         sys_icon/U0/iUPDATE_OUT rising
  Destination Clock:    sys_icon/U0/iUPDATE_OUT rising
  Clock Uncertainty:    0.000ns

  Minimum Data Path: sys_icon/U0/U_ICON/U_iDATA_CMD to sys_icon/U0/U_ICON/U_iDATA_CMD
    Location             Delay type         Delay(ns)  Physical Resource
                                                       Logical Resource(s)
    -------------------------------------------------  -------------------
    SLICE_X67Y91.YQ      Tcko                  0.409   sys_icon/U0/U_ICON/iDATA_CMD
                                                       sys_icon/U0/U_ICON/U_iDATA_CMD
    SLICE_X67Y91.BY      net (fanout=7)        0.391   sys_icon/U0/U_ICON/iDATA_CMD
    SLICE_X67Y91.CLK     Tckdi       (-Th)    -0.117   sys_icon/U0/U_ICON/iDATA_CMD
                                                       sys_icon/U0/U_ICON/U_iDATA_CMD
    -------------------------------------------------  ---------------------------
    Total                                      0.917ns (0.526ns logic, 0.391ns route)
                                                       (57.4% logic, 42.6% route)

--------------------------------------------------------------------------------

================================================================================
Timing constraint: PATH "TS_J_TO_D_path" TIG;

 125 paths analyzed, 62 endpoints analyzed, 0 failing endpoints
 0 timing errors detected. (0 setup errors, 0 hold errors)
--------------------------------------------------------------------------------

Paths for end point sys_ila/U0/I_YES_D.U_ILA/U_G2_SQ.U_CAPCTRL/U_CAP_ADDRGEN/I_NO_TSEQ.I_SRLT_NE_1.U_SCNT/G[4].U_FDRE (SLICE_X37Y52.SR), 4 paths
--------------------------------------------------------------------------------
Delay (setup path):     5.636ns (data path - clock path skew + uncertainty)
  Source:               sys_ila/U0/I_YES_D.U_ILA/U_G2_SQ.U_CAPCTRL/I_SRLT_NE_1.U_SCRST/I_NOLUT6.I_SRL_T2.I_YES_RPM.UF0_CFGLUT4 (FF)
  Destination:          sys_ila/U0/I_YES_D.U_ILA/U_G2_SQ.U_CAPCTRL/U_CAP_ADDRGEN/I_NO_TSEQ.I_SRLT_NE_1.U_SCNT/G[4].U_FDRE (FF)
  Data Path Delay:      5.636ns (Levels of Logic = 1)
  Clock Path Skew:      0.000ns
  Source Clock:         control0<0> rising at 0.000ns
  Destination Clock:    DAC_CLK_OBUF rising
  Clock Uncertainty:    0.000ns

  Maximum Data Path: sys_ila/U0/I_YES_D.U_ILA/U_G2_SQ.U_CAPCTRL/I_SRLT_NE_1.U_SCRST/I_NOLUT6.I_SRL_T2.I_YES_RPM.UF0_CFGLUT4 to sys_ila/U0/I_YES_D.U_ILA/U_G2_SQ.U_CAPCTRL/U_CAP_ADDRGEN/I_NO_TSEQ.I_SRLT_NE_1.U_SCNT/G[4].U_FDRE
    Location             Delay type         Delay(ns)  Physical Resource
                                                       Logical Resource(s)
    -------------------------------------------------  -------------------
    SLICE_X36Y52.F5      Tregf5                3.509   sys_ila/U0/I_YES_D.U_ILA/U_G2_SQ.U_CAPCTRL/SCNT_RESET
                                                       sys_ila/U0/I_YES_D.U_ILA/U_G2_SQ.U_CAPCTRL/I_SRLT_NE_1.U_SCRST/I_NOLUT6.I_SRL_T2.I_YES_RPM.UF0_CFGLUT4.CE
                                                       sys_ila/U0/I_YES_D.U_ILA/U_G2_SQ.U_CAPCTRL/I_SRLT_NE_1.U_SCRST/I_NOLUT6.I_SRL_T2.I_YES_RPM.UF0_CFGLUT4
                                                       sys_ila/U0/I_YES_D.U_ILA/U_G2_SQ.U_CAPCTRL/I_SRLT_NE_1.U_SCRST/I_NOLUT6.I_SRL_T2.I_YES_RPM.U0_MUXF5
    SLICE_X36Y52.FXINA   net (fanout=1)        0.000   sys_ila/U0/I_YES_D.U_ILA/U_G2_SQ.U_CAPCTRL/I_SRLT_NE_1.U_SCRST/jO<0>
    SLICE_X36Y52.Y       Tif6y                 0.354   sys_ila/U0/I_YES_D.U_ILA/U_G2_SQ.U_CAPCTRL/SCNT_RESET
                                                       sys_ila/U0/I_YES_D.U_ILA/U_G2_SQ.U_CAPCTRL/I_SRLT_NE_1.U_SCRST/I_NOLUT6.I_SRL_T2.I_YES_RPM.I_NO_OREG.U_MUXF6
    SLICE_X37Y52.SR      net (fanout=5)        0.979   sys_ila/U0/I_YES_D.U_ILA/U_G2_SQ.U_CAPCTRL/SCNT_RESET
    SLICE_X37Y52.CLK     Tsrck                 0.794   sys_ila/U0/I_YES_D.U_ILA/U_G2_SQ.U_CAPCTRL/U_CAP_ADDRGEN/iSCNT<4>
                                                       sys_ila/U0/I_YES_D.U_ILA/U_G2_SQ.U_CAPCTRL/U_CAP_ADDRGEN/I_NO_TSEQ.I_SRLT_NE_1.U_SCNT/G[4].U_FDRE
    -------------------------------------------------  ---------------------------
    Total                                      5.636ns (4.657ns logic, 0.979ns route)
                                                       (82.6% logic, 17.4% route)

--------------------------------------------------------------------------------
Delay (setup path):     5.636ns (data path - clock path skew + uncertainty)
  Source:               sys_ila/U0/I_YES_D.U_ILA/U_G2_SQ.U_CAPCTRL/I_SRLT_NE_1.U_SCRST/I_NOLUT6.I_SRL_T2.I_YES_RPM.UG0_CFGLUT4 (FF)
  Destination:          sys_ila/U0/I_YES_D.U_ILA/U_G2_SQ.U_CAPCTRL/U_CAP_ADDRGEN/I_NO_TSEQ.I_SRLT_NE_1.U_SCNT/G[4].U_FDRE (FF)
  Data Path Delay:      5.636ns (Levels of Logic = 1)
  Clock Path Skew:      0.000ns
  Source Clock:         control0<0> rising at 0.000ns
  Destination Clock:    DAC_CLK_OBUF rising
  Clock Uncertainty:    0.000ns

  Maximum Data Path: sys_ila/U0/I_YES_D.U_ILA/U_G2_SQ.U_CAPCTRL/I_SRLT_NE_1.U_SCRST/I_NOLUT6.I_SRL_T2.I_YES_RPM.UG0_CFGLUT4 to sys_ila/U0/I_YES_D.U_ILA/U_G2_SQ.U_CAPCTRL/U_CAP_ADDRGEN/I_NO_TSEQ.I_SRLT_NE_1.U_SCNT/G[4].U_FDRE
    Location             Delay type         Delay(ns)  Physical Resource
                                                       Logical Resource(s)
    -------------------------------------------------  -------------------
    SLICE_X36Y52.F5      Tregf5                3.509   sys_ila/U0/I_YES_D.U_ILA/U_G2_SQ.U_CAPCTRL/SCNT_RESET
                                                       sys_ila/U0/I_YES_D.U_ILA/U_G2_SQ.U_CAPCTRL/I_SRLT_NE_1.U_SCRST/I_NOLUT6.I_SRL_T2.I_YES_RPM.UF0_CFGLUT4.CE
                                                       sys_ila/U0/I_YES_D.U_ILA/U_G2_SQ.U_CAPCTRL/I_SRLT_NE_1.U_SCRST/I_NOLUT6.I_SRL_T2.I_YES_RPM.UG0_CFGLUT4
                                                       sys_ila/U0/I_YES_D.U_ILA/U_G2_SQ.U_CAPCTRL/I_SRLT_NE_1.U_SCRST/I_NOLUT6.I_SRL_T2.I_YES_RPM.U0_MUXF5
    SLICE_X36Y52.FXINA   net (fanout=1)        0.000   sys_ila/U0/I_YES_D.U_ILA/U_G2_SQ.U_CAPCTRL/I_SRLT_NE_1.U_SCRST/jO<0>
    SLICE_X36Y52.Y       Tif6y                 0.354   sys_ila/U0/I_YES_D.U_ILA/U_G2_SQ.U_CAPCTRL/SCNT_RESET
                                                       sys_ila/U0/I_YES_D.U_ILA/U_G2_SQ.U_CAPCTRL/I_SRLT_NE_1.U_SCRST/I_NOLUT6.I_SRL_T2.I_YES_RPM.I_NO_OREG.U_MUXF6
    SLICE_X37Y52.SR      net (fanout=5)        0.979   sys_ila/U0/I_YES_D.U_ILA/U_G2_SQ.U_CAPCTRL/SCNT_RESET
    SLICE_X37Y52.CLK     Tsrck                 0.794   sys_ila/U0/I_YES_D.U_ILA/U_G2_SQ.U_CAPCTRL/U_CAP_ADDRGEN/iSCNT<4>
                                                       sys_ila/U0/I_YES_D.U_ILA/U_G2_SQ.U_CAPCTRL/U_CAP_ADDRGEN/I_NO_TSEQ.I_SRLT_NE_1.U_SCNT/G[4].U_FDRE
    -------------------------------------------------  ---------------------------
    Total                                      5.636ns (4.657ns logic, 0.979ns route)
                                                       (82.6% logic, 17.4% route)

--------------------------------------------------------------------------------
Delay (setup path):     5.636ns (data path - clock path skew + uncertainty)
  Source:               sys_ila/U0/I_YES_D.U_ILA/U_G2_SQ.U_CAPCTRL/I_SRLT_NE_1.U_SCRST/I_NOLUT6.I_SRL_T2.I_YES_RPM.UG1_CFGLUT4 (FF)
  Destination:          sys_ila/U0/I_YES_D.U_ILA/U_G2_SQ.U_CAPCTRL/U_CAP_ADDRGEN/I_NO_TSEQ.I_SRLT_NE_1.U_SCNT/G[4].U_FDRE (FF)
  Data Path Delay:      5.636ns (Levels of Logic = 1)
  Clock Path Skew:      0.000ns
  Source Clock:         control0<0> rising at 0.000ns
  Destination Clock:    DAC_CLK_OBUF rising
  Clock Uncertainty:    0.000ns

  Maximum Data Path: sys_ila/U0/I_YES_D.U_ILA/U_G2_SQ.U_CAPCTRL/I_SRLT_NE_1.U_SCRST/I_NOLUT6.I_SRL_T2.I_YES_RPM.UG1_CFGLUT4 to sys_ila/U0/I_YES_D.U_ILA/U_G2_SQ.U_CAPCTRL/U_CAP_ADDRGEN/I_NO_TSEQ.I_SRLT_NE_1.U_SCNT/G[4].U_FDRE
    Location             Delay type         Delay(ns)  Physical Resource
                                                       Logical Resource(s)
    -------------------------------------------------  -------------------
    SLICE_X36Y53.F5      Tregf5                3.509   sys_ila/U0/I_YES_D.U_ILA/U_G2_SQ.U_CAPCTRL/I_SRLT_NE_1.U_SCRST/jO<1>
                                                       sys_ila/U0/I_YES_D.U_ILA/U_G2_SQ.U_CAPCTRL/I_SRLT_NE_1.U_SCRST/I_NOLUT6.I_SRL_T2.I_YES_RPM.UF1_CFGLUT4.CE
                                                       sys_ila/U0/I_YES_D.U_ILA/U_G2_SQ.U_CAPCTRL/I_SRLT_NE_1.U_SCRST/I_NOLUT6.I_SRL_T2.I_YES_RPM.UG1_CFGLUT4
                                                       sys_ila/U0/I_YES_D.U_ILA/U_G2_SQ.U_CAPCTRL/I_SRLT_NE_1.U_SCRST/I_NOLUT6.I_SRL_T2.I_YES_RPM.U1_MUXF5
    SLICE_X36Y52.FXINB   net (fanout=1)        0.000   sys_ila/U0/I_YES_D.U_ILA/U_G2_SQ.U_CAPCTRL/I_SRLT_NE_1.U_SCRST/jO<1>
    SLICE_X36Y52.Y       Tif6y                 0.354   sys_ila/U0/I_YES_D.U_ILA/U_G2_SQ.U_CAPCTRL/SCNT_RESET
                                                       sys_ila/U0/I_YES_D.U_ILA/U_G2_SQ.U_CAPCTRL/I_SRLT_NE_1.U_SCRST/I_NOLUT6.I_SRL_T2.I_YES_RPM.I_NO_OREG.U_MUXF6
    SLICE_X37Y52.SR      net (fanout=5)        0.979   sys_ila/U0/I_YES_D.U_ILA/U_G2_SQ.U_CAPCTRL/SCNT_RESET
    SLICE_X37Y52.CLK     Tsrck                 0.794   sys_ila/U0/I_YES_D.U_ILA/U_G2_SQ.U_CAPCTRL/U_CAP_ADDRGEN/iSCNT<4>
                                                       sys_ila/U0/I_YES_D.U_ILA/U_G2_SQ.U_CAPCTRL/U_CAP_ADDRGEN/I_NO_TSEQ.I_SRLT_NE_1.U_SCNT/G[4].U_FDRE
    -------------------------------------------------  ---------------------------
    Total                                      5.636ns (4.657ns logic, 0.979ns route)
                                                       (82.6% logic, 17.4% route)

--------------------------------------------------------------------------------

Paths for end point sys_ila/U0/I_YES_D.U_ILA/U_G2_SQ.U_CAPCTRL/U_CAP_ADDRGEN/I_NO_TSEQ.I_SRLT_NE_1.U_SCNT/G[5].U_FDRE (SLICE_X37Y52.SR), 4 paths
--------------------------------------------------------------------------------
Delay (setup path):     5.636ns (data path - clock path skew + uncertainty)
  Source:               sys_ila/U0/I_YES_D.U_ILA/U_G2_SQ.U_CAPCTRL/I_SRLT_NE_1.U_SCRST/I_NOLUT6.I_SRL_T2.I_YES_RPM.UF0_CFGLUT4 (FF)
  Destination:          sys_ila/U0/I_YES_D.U_ILA/U_G2_SQ.U_CAPCTRL/U_CAP_ADDRGEN/I_NO_TSEQ.I_SRLT_NE_1.U_SCNT/G[5].U_FDRE (FF)
  Data Path Delay:      5.636ns (Levels of Logic = 1)
  Clock Path Skew:      0.000ns
  Source Clock:         control0<0> rising at 0.000ns
  Destination Clock:    DAC_CLK_OBUF rising
  Clock Uncertainty:    0.000ns

  Maximum Data Path: sys_ila/U0/I_YES_D.U_ILA/U_G2_SQ.U_CAPCTRL/I_SRLT_NE_1.U_SCRST/I_NOLUT6.I_SRL_T2.I_YES_RPM.UF0_CFGLUT4 to sys_ila/U0/I_YES_D.U_ILA/U_G2_SQ.U_CAPCTRL/U_CAP_ADDRGEN/I_NO_TSEQ.I_SRLT_NE_1.U_SCNT/G[5].U_FDRE
    Location             Delay type         Delay(ns)  Physical Resource
                                                       Logical Resource(s)
    -------------------------------------------------  -------------------
    SLICE_X36Y52.F5      Tregf5                3.509   sys_ila/U0/I_YES_D.U_ILA/U_G2_SQ.U_CAPCTRL/SCNT_RESET
                                                       sys_ila/U0/I_YES_D.U_ILA/U_G2_SQ.U_CAPCTRL/I_SRLT_NE_1.U_SCRST/I_NOLUT6.I_SRL_T2.I_YES_RPM.UF0_CFGLUT4.CE
                                                       sys_ila/U0/I_YES_D.U_ILA/U_G2_SQ.U_CAPCTRL/I_SRLT_NE_1.U_SCRST/I_NOLUT6.I_SRL_T2.I_YES_RPM.UF0_CFGLUT4
                                                       sys_ila/U0/I_YES_D.U_ILA/U_G2_SQ.U_CAPCTRL/I_SRLT_NE_1.U_SCRST/I_NOLUT6.I_SRL_T2.I_YES_RPM.U0_MUXF5
    SLICE_X36Y52.FXINA   net (fanout=1)        0.000   sys_ila/U0/I_YES_D.U_ILA/U_G2_SQ.U_CAPCTRL/I_SRLT_NE_1.U_SCRST/jO<0>
    SLICE_X36Y52.Y       Tif6y                 0.354   sys_ila/U0/I_YES_D.U_ILA/U_G2_SQ.U_CAPCTRL/SCNT_RESET
                                                       sys_ila/U0/I_YES_D.U_ILA/U_G2_SQ.U_CAPCTRL/I_SRLT_NE_1.U_SCRST/I_NOLUT6.I_SRL_T2.I_YES_RPM.I_NO_OREG.U_MUXF6
    SLICE_X37Y52.SR      net (fanout=5)        0.979   sys_ila/U0/I_YES_D.U_ILA/U_G2_SQ.U_CAPCTRL/SCNT_RESET
    SLICE_X37Y52.CLK     Tsrck                 0.794   sys_ila/U0/I_YES_D.U_ILA/U_G2_SQ.U_CAPCTRL/U_CAP_ADDRGEN/iSCNT<4>
                                                       sys_ila/U0/I_YES_D.U_ILA/U_G2_SQ.U_CAPCTRL/U_CAP_ADDRGEN/I_NO_TSEQ.I_SRLT_NE_1.U_SCNT/G[5].U_FDRE
    -------------------------------------------------  ---------------------------
    Total                                      5.636ns (4.657ns logic, 0.979ns route)
                                                       (82.6% logic, 17.4% route)

--------------------------------------------------------------------------------
Delay (setup path):     5.636ns (data path - clock path skew + uncertainty)
  Source:               sys_ila/U0/I_YES_D.U_ILA/U_G2_SQ.U_CAPCTRL/I_SRLT_NE_1.U_SCRST/I_NOLUT6.I_SRL_T2.I_YES_RPM.UG0_CFGLUT4 (FF)
  Destination:          sys_ila/U0/I_YES_D.U_ILA/U_G2_SQ.U_CAPCTRL/U_CAP_ADDRGEN/I_NO_TSEQ.I_SRLT_NE_1.U_SCNT/G[5].U_FDRE (FF)
  Data Path Delay:      5.636ns (Levels of Logic = 1)
  Clock Path Skew:      0.000ns
  Source Clock:         control0<0> rising at 0.000ns
  Destination Clock:    DAC_CLK_OBUF rising
  Clock Uncertainty:    0.000ns

  Maximum Data Path: sys_ila/U0/I_YES_D.U_ILA/U_G2_SQ.U_CAPCTRL/I_SRLT_NE_1.U_SCRST/I_NOLUT6.I_SRL_T2.I_YES_RPM.UG0_CFGLUT4 to sys_ila/U0/I_YES_D.U_ILA/U_G2_SQ.U_CAPCTRL/U_CAP_ADDRGEN/I_NO_TSEQ.I_SRLT_NE_1.U_SCNT/G[5].U_FDRE
    Location             Delay type         Delay(ns)  Physical Resource
                                                       Logical Resource(s)
    -------------------------------------------------  -------------------
    SLICE_X36Y52.F5      Tregf5                3.509   sys_ila/U0/I_YES_D.U_ILA/U_G2_SQ.U_CAPCTRL/SCNT_RESET
                                                       sys_ila/U0/I_YES_D.U_ILA/U_G2_SQ.U_CAPCTRL/I_SRLT_NE_1.U_SCRST/I_NOLUT6.I_SRL_T2.I_YES_RPM.UF0_CFGLUT4.CE
                                                       sys_ila/U0/I_YES_D.U_ILA/U_G2_SQ.U_CAPCTRL/I_SRLT_NE_1.U_SCRST/I_NOLUT6.I_SRL_T2.I_YES_RPM.UG0_CFGLUT4
                                                       sys_ila/U0/I_YES_D.U_ILA/U_G2_SQ.U_CAPCTRL/I_SRLT_NE_1.U_SCRST/I_NOLUT6.I_SRL_T2.I_YES_RPM.U0_MUXF5
    SLICE_X36Y52.FXINA   net (fanout=1)        0.000   sys_ila/U0/I_YES_D.U_ILA/U_G2_SQ.U_CAPCTRL/I_SRLT_NE_1.U_SCRST/jO<0>
    SLICE_X36Y52.Y       Tif6y                 0.354   sys_ila/U0/I_YES_D.U_ILA/U_G2_SQ.U_CAPCTRL/SCNT_RESET
                                                       sys_ila/U0/I_YES_D.U_ILA/U_G2_SQ.U_CAPCTRL/I_SRLT_NE_1.U_SCRST/I_NOLUT6.I_SRL_T2.I_YES_RPM.I_NO_OREG.U_MUXF6
    SLICE_X37Y52.SR      net (fanout=5)        0.979   sys_ila/U0/I_YES_D.U_ILA/U_G2_SQ.U_CAPCTRL/SCNT_RESET
    SLICE_X37Y52.CLK     Tsrck                 0.794   sys_ila/U0/I_YES_D.U_ILA/U_G2_SQ.U_CAPCTRL/U_CAP_ADDRGEN/iSCNT<4>
                                                       sys_ila/U0/I_YES_D.U_ILA/U_G2_SQ.U_CAPCTRL/U_CAP_ADDRGEN/I_NO_TSEQ.I_SRLT_NE_1.U_SCNT/G[5].U_FDRE
    -------------------------------------------------  ---------------------------
    Total                                      5.636ns (4.657ns logic, 0.979ns route)
                                                       (82.6% logic, 17.4% route)

--------------------------------------------------------------------------------
Delay (setup path):     5.636ns (data path - clock path skew + uncertainty)
  Source:               sys_ila/U0/I_YES_D.U_ILA/U_G2_SQ.U_CAPCTRL/I_SRLT_NE_1.U_SCRST/I_NOLUT6.I_SRL_T2.I_YES_RPM.UG1_CFGLUT4 (FF)
  Destination:          sys_ila/U0/I_YES_D.U_ILA/U_G2_SQ.U_CAPCTRL/U_CAP_ADDRGEN/I_NO_TSEQ.I_SRLT_NE_1.U_SCNT/G[5].U_FDRE (FF)
  Data Path Delay:      5.636ns (Levels of Logic = 1)
  Clock Path Skew:      0.000ns
  Source Clock:         control0<0> rising at 0.000ns
  Destination Clock:    DAC_CLK_OBUF rising
  Clock Uncertainty:    0.000ns

  Maximum Data Path: sys_ila/U0/I_YES_D.U_ILA/U_G2_SQ.U_CAPCTRL/I_SRLT_NE_1.U_SCRST/I_NOLUT6.I_SRL_T2.I_YES_RPM.UG1_CFGLUT4 to sys_ila/U0/I_YES_D.U_ILA/U_G2_SQ.U_CAPCTRL/U_CAP_ADDRGEN/I_NO_TSEQ.I_SRLT_NE_1.U_SCNT/G[5].U_FDRE
    Location             Delay type         Delay(ns)  Physical Resource
                                                       Logical Resource(s)
    -------------------------------------------------  -------------------
    SLICE_X36Y53.F5      Tregf5                3.509   sys_ila/U0/I_YES_D.U_ILA/U_G2_SQ.U_CAPCTRL/I_SRLT_NE_1.U_SCRST/jO<1>
                                                       sys_ila/U0/I_YES_D.U_ILA/U_G2_SQ.U_CAPCTRL/I_SRLT_NE_1.U_SCRST/I_NOLUT6.I_SRL_T2.I_YES_RPM.UF1_CFGLUT4.CE
                                                       sys_ila/U0/I_YES_D.U_ILA/U_G2_SQ.U_CAPCTRL/I_SRLT_NE_1.U_SCRST/I_NOLUT6.I_SRL_T2.I_YES_RPM.UG1_CFGLUT4
                                                       sys_ila/U0/I_YES_D.U_ILA/U_G2_SQ.U_CAPCTRL/I_SRLT_NE_1.U_SCRST/I_NOLUT6.I_SRL_T2.I_YES_RPM.U1_MUXF5
    SLICE_X36Y52.FXINB   net (fanout=1)        0.000   sys_ila/U0/I_YES_D.U_ILA/U_G2_SQ.U_CAPCTRL/I_SRLT_NE_1.U_SCRST/jO<1>
    SLICE_X36Y52.Y       Tif6y                 0.354   sys_ila/U0/I_YES_D.U_ILA/U_G2_SQ.U_CAPCTRL/SCNT_RESET
                                                       sys_ila/U0/I_YES_D.U_ILA/U_G2_SQ.U_CAPCTRL/I_SRLT_NE_1.U_SCRST/I_NOLUT6.I_SRL_T2.I_YES_RPM.I_NO_OREG.U_MUXF6
    SLICE_X37Y52.SR      net (fanout=5)        0.979   sys_ila/U0/I_YES_D.U_ILA/U_G2_SQ.U_CAPCTRL/SCNT_RESET
    SLICE_X37Y52.CLK     Tsrck                 0.794   sys_ila/U0/I_YES_D.U_ILA/U_G2_SQ.U_CAPCTRL/U_CAP_ADDRGEN/iSCNT<4>
                                                       sys_ila/U0/I_YES_D.U_ILA/U_G2_SQ.U_CAPCTRL/U_CAP_ADDRGEN/I_NO_TSEQ.I_SRLT_NE_1.U_SCNT/G[5].U_FDRE
    -------------------------------------------------  ---------------------------
    Total                                      5.636ns (4.657ns logic, 0.979ns route)
                                                       (82.6% logic, 17.4% route)

--------------------------------------------------------------------------------

Paths for end point sys_ila/U0/I_YES_D.U_ILA/U_G2_SQ.U_CAPCTRL/U_CAP_ADDRGEN/I_NO_TSEQ.I_SRLT_NE_1.U_SCNT/G[6].U_FDRE (SLICE_X37Y53.SR), 4 paths
--------------------------------------------------------------------------------
Delay (setup path):     5.636ns (data path - clock path skew + uncertainty)
  Source:               sys_ila/U0/I_YES_D.U_ILA/U_G2_SQ.U_CAPCTRL/I_SRLT_NE_1.U_SCRST/I_NOLUT6.I_SRL_T2.I_YES_RPM.UF0_CFGLUT4 (FF)
  Destination:          sys_ila/U0/I_YES_D.U_ILA/U_G2_SQ.U_CAPCTRL/U_CAP_ADDRGEN/I_NO_TSEQ.I_SRLT_NE_1.U_SCNT/G[6].U_FDRE (FF)
  Data Path Delay:      5.636ns (Levels of Logic = 1)
  Clock Path Skew:      0.000ns
  Source Clock:         control0<0> rising at 0.000ns
  Destination Clock:    DAC_CLK_OBUF rising
  Clock Uncertainty:    0.000ns

  Maximum Data Path: sys_ila/U0/I_YES_D.U_ILA/U_G2_SQ.U_CAPCTRL/I_SRLT_NE_1.U_SCRST/I_NOLUT6.I_SRL_T2.I_YES_RPM.UF0_CFGLUT4 to sys_ila/U0/I_YES_D.U_ILA/U_G2_SQ.U_CAPCTRL/U_CAP_ADDRGEN/I_NO_TSEQ.I_SRLT_NE_1.U_SCNT/G[6].U_FDRE
    Location             Delay type         Delay(ns)  Physical Resource
                                                       Logical Resource(s)
    -------------------------------------------------  -------------------
    SLICE_X36Y52.F5      Tregf5                3.509   sys_ila/U0/I_YES_D.U_ILA/U_G2_SQ.U_CAPCTRL/SCNT_RESET
                                                       sys_ila/U0/I_YES_D.U_ILA/U_G2_SQ.U_CAPCTRL/I_SRLT_NE_1.U_SCRST/I_NOLUT6.I_SRL_T2.I_YES_RPM.UF0_CFGLUT4.CE
                                                       sys_ila/U0/I_YES_D.U_ILA/U_G2_SQ.U_CAPCTRL/I_SRLT_NE_1.U_SCRST/I_NOLUT6.I_SRL_T2.I_YES_RPM.UF0_CFGLUT4
                                                       sys_ila/U0/I_YES_D.U_ILA/U_G2_SQ.U_CAPCTRL/I_SRLT_NE_1.U_SCRST/I_NOLUT6.I_SRL_T2.I_YES_RPM.U0_MUXF5
    SLICE_X36Y52.FXINA   net (fanout=1)        0.000   sys_ila/U0/I_YES_D.U_ILA/U_G2_SQ.U_CAPCTRL/I_SRLT_NE_1.U_SCRST/jO<0>
    SLICE_X36Y52.Y       Tif6y                 0.354   sys_ila/U0/I_YES_D.U_ILA/U_G2_SQ.U_CAPCTRL/SCNT_RESET
                                                       sys_ila/U0/I_YES_D.U_ILA/U_G2_SQ.U_CAPCTRL/I_SRLT_NE_1.U_SCRST/I_NOLUT6.I_SRL_T2.I_YES_RPM.I_NO_OREG.U_MUXF6
    SLICE_X37Y53.SR      net (fanout=5)        0.979   sys_ila/U0/I_YES_D.U_ILA/U_G2_SQ.U_CAPCTRL/SCNT_RESET
    SLICE_X37Y53.CLK     Tsrck                 0.794   sys_ila/U0/I_YES_D.U_ILA/U_G2_SQ.U_CAPCTRL/U_CAP_ADDRGEN/iSCNT<6>
                                                       sys_ila/U0/I_YES_D.U_ILA/U_G2_SQ.U_CAPCTRL/U_CAP_ADDRGEN/I_NO_TSEQ.I_SRLT_NE_1.U_SCNT/G[6].U_FDRE
    -------------------------------------------------  ---------------------------
    Total                                      5.636ns (4.657ns logic, 0.979ns route)
                                                       (82.6% logic, 17.4% route)

--------------------------------------------------------------------------------
Delay (setup path):     5.636ns (data path - clock path skew + uncertainty)
  Source:               sys_ila/U0/I_YES_D.U_ILA/U_G2_SQ.U_CAPCTRL/I_SRLT_NE_1.U_SCRST/I_NOLUT6.I_SRL_T2.I_YES_RPM.UG0_CFGLUT4 (FF)
  Destination:          sys_ila/U0/I_YES_D.U_ILA/U_G2_SQ.U_CAPCTRL/U_CAP_ADDRGEN/I_NO_TSEQ.I_SRLT_NE_1.U_SCNT/G[6].U_FDRE (FF)
  Data Path Delay:      5.636ns (Levels of Logic = 1)
  Clock Path Skew:      0.000ns
  Source Clock:         control0<0> rising at 0.000ns
  Destination Clock:    DAC_CLK_OBUF rising
  Clock Uncertainty:    0.000ns

  Maximum Data Path: sys_ila/U0/I_YES_D.U_ILA/U_G2_SQ.U_CAPCTRL/I_SRLT_NE_1.U_SCRST/I_NOLUT6.I_SRL_T2.I_YES_RPM.UG0_CFGLUT4 to sys_ila/U0/I_YES_D.U_ILA/U_G2_SQ.U_CAPCTRL/U_CAP_ADDRGEN/I_NO_TSEQ.I_SRLT_NE_1.U_SCNT/G[6].U_FDRE
    Location             Delay type         Delay(ns)  Physical Resource
                                                       Logical Resource(s)
    -------------------------------------------------  -------------------
    SLICE_X36Y52.F5      Tregf5                3.509   sys_ila/U0/I_YES_D.U_ILA/U_G2_SQ.U_CAPCTRL/SCNT_RESET
                                                       sys_ila/U0/I_YES_D.U_ILA/U_G2_SQ.U_CAPCTRL/I_SRLT_NE_1.U_SCRST/I_NOLUT6.I_SRL_T2.I_YES_RPM.UF0_CFGLUT4.CE
                                                       sys_ila/U0/I_YES_D.U_ILA/U_G2_SQ.U_CAPCTRL/I_SRLT_NE_1.U_SCRST/I_NOLUT6.I_SRL_T2.I_YES_RPM.UG0_CFGLUT4
                                                       sys_ila/U0/I_YES_D.U_ILA/U_G2_SQ.U_CAPCTRL/I_SRLT_NE_1.U_SCRST/I_NOLUT6.I_SRL_T2.I_YES_RPM.U0_MUXF5
    SLICE_X36Y52.FXINA   net (fanout=1)        0.000   sys_ila/U0/I_YES_D.U_ILA/U_G2_SQ.U_CAPCTRL/I_SRLT_NE_1.U_SCRST/jO<0>
    SLICE_X36Y52.Y       Tif6y                 0.354   sys_ila/U0/I_YES_D.U_ILA/U_G2_SQ.U_CAPCTRL/SCNT_RESET
                                                       sys_ila/U0/I_YES_D.U_ILA/U_G2_SQ.U_CAPCTRL/I_SRLT_NE_1.U_SCRST/I_NOLUT6.I_SRL_T2.I_YES_RPM.I_NO_OREG.U_MUXF6
    SLICE_X37Y53.SR      net (fanout=5)        0.979   sys_ila/U0/I_YES_D.U_ILA/U_G2_SQ.U_CAPCTRL/SCNT_RESET
    SLICE_X37Y53.CLK     Tsrck                 0.794   sys_ila/U0/I_YES_D.U_ILA/U_G2_SQ.U_CAPCTRL/U_CAP_ADDRGEN/iSCNT<6>
                                                       sys_ila/U0/I_YES_D.U_ILA/U_G2_SQ.U_CAPCTRL/U_CAP_ADDRGEN/I_NO_TSEQ.I_SRLT_NE_1.U_SCNT/G[6].U_FDRE
    -------------------------------------------------  ---------------------------
    Total                                      5.636ns (4.657ns logic, 0.979ns route)
                                                       (82.6% logic, 17.4% route)

--------------------------------------------------------------------------------
Delay (setup path):     5.636ns (data path - clock path skew + uncertainty)
  Source:               sys_ila/U0/I_YES_D.U_ILA/U_G2_SQ.U_CAPCTRL/I_SRLT_NE_1.U_SCRST/I_NOLUT6.I_SRL_T2.I_YES_RPM.UG1_CFGLUT4 (FF)
  Destination:          sys_ila/U0/I_YES_D.U_ILA/U_G2_SQ.U_CAPCTRL/U_CAP_ADDRGEN/I_NO_TSEQ.I_SRLT_NE_1.U_SCNT/G[6].U_FDRE (FF)
  Data Path Delay:      5.636ns (Levels of Logic = 1)
  Clock Path Skew:      0.000ns
  Source Clock:         control0<0> rising at 0.000ns
  Destination Clock:    DAC_CLK_OBUF rising
  Clock Uncertainty:    0.000ns

  Maximum Data Path: sys_ila/U0/I_YES_D.U_ILA/U_G2_SQ.U_CAPCTRL/I_SRLT_NE_1.U_SCRST/I_NOLUT6.I_SRL_T2.I_YES_RPM.UG1_CFGLUT4 to sys_ila/U0/I_YES_D.U_ILA/U_G2_SQ.U_CAPCTRL/U_CAP_ADDRGEN/I_NO_TSEQ.I_SRLT_NE_1.U_SCNT/G[6].U_FDRE
    Location             Delay type         Delay(ns)  Physical Resource
                                                       Logical Resource(s)
    -------------------------------------------------  -------------------
    SLICE_X36Y53.F5      Tregf5                3.509   sys_ila/U0/I_YES_D.U_ILA/U_G2_SQ.U_CAPCTRL/I_SRLT_NE_1.U_SCRST/jO<1>
                                                       sys_ila/U0/I_YES_D.U_ILA/U_G2_SQ.U_CAPCTRL/I_SRLT_NE_1.U_SCRST/I_NOLUT6.I_SRL_T2.I_YES_RPM.UF1_CFGLUT4.CE
                                                       sys_ila/U0/I_YES_D.U_ILA/U_G2_SQ.U_CAPCTRL/I_SRLT_NE_1.U_SCRST/I_NOLUT6.I_SRL_T2.I_YES_RPM.UG1_CFGLUT4
                                                       sys_ila/U0/I_YES_D.U_ILA/U_G2_SQ.U_CAPCTRL/I_SRLT_NE_1.U_SCRST/I_NOLUT6.I_SRL_T2.I_YES_RPM.U1_MUXF5
    SLICE_X36Y52.FXINB   net (fanout=1)        0.000   sys_ila/U0/I_YES_D.U_ILA/U_G2_SQ.U_CAPCTRL/I_SRLT_NE_1.U_SCRST/jO<1>
    SLICE_X36Y52.Y       Tif6y                 0.354   sys_ila/U0/I_YES_D.U_ILA/U_G2_SQ.U_CAPCTRL/SCNT_RESET
                                                       sys_ila/U0/I_YES_D.U_ILA/U_G2_SQ.U_CAPCTRL/I_SRLT_NE_1.U_SCRST/I_NOLUT6.I_SRL_T2.I_YES_RPM.I_NO_OREG.U_MUXF6
    SLICE_X37Y53.SR      net (fanout=5)        0.979   sys_ila/U0/I_YES_D.U_ILA/U_G2_SQ.U_CAPCTRL/SCNT_RESET
    SLICE_X37Y53.CLK     Tsrck                 0.794   sys_ila/U0/I_YES_D.U_ILA/U_G2_SQ.U_CAPCTRL/U_CAP_ADDRGEN/iSCNT<6>
                                                       sys_ila/U0/I_YES_D.U_ILA/U_G2_SQ.U_CAPCTRL/U_CAP_ADDRGEN/I_NO_TSEQ.I_SRLT_NE_1.U_SCNT/G[6].U_FDRE
    -------------------------------------------------  ---------------------------
    Total                                      5.636ns (4.657ns logic, 0.979ns route)
                                                       (82.6% logic, 17.4% route)

--------------------------------------------------------------------------------

Hold Paths: PATH "TS_J_TO_D_path" TIG;
--------------------------------------------------------------------------------

Paths for end point sys_ila/U0/I_YES_D.U_ILA/U_G2_SQ.U_CAPCTRL/U_CAP_ADDRGEN/I_INTCAP.F_CAP_ADDR[9].U_iCAP_ADDR (SLICE_X35Y54.F4), 1 path
--------------------------------------------------------------------------------
Delay (hold path):      1.123ns (datapath - clock path skew - uncertainty)
  Source:               sys_ila/U0/I_YES_D.U_ILA/U_G2_SQ.U_CAPCTRL/U_CAP_ADDRGEN/I_0_TO_64K.F_SEL[9].U_SEL (FF)
  Destination:          sys_ila/U0/I_YES_D.U_ILA/U_G2_SQ.U_CAPCTRL/U_CAP_ADDRGEN/I_INTCAP.F_CAP_ADDR[9].U_iCAP_ADDR (FF)
  Data Path Delay:      1.123ns (Levels of Logic = 1)
  Clock Path Skew:      0.000ns
  Source Clock:         control0<0> rising at 0.000ns
  Destination Clock:    DAC_CLK_OBUF rising
  Clock Uncertainty:    0.000ns

  Minimum Data Path: sys_ila/U0/I_YES_D.U_ILA/U_G2_SQ.U_CAPCTRL/U_CAP_ADDRGEN/I_0_TO_64K.F_SEL[9].U_SEL to sys_ila/U0/I_YES_D.U_ILA/U_G2_SQ.U_CAPCTRL/U_CAP_ADDRGEN/I_INTCAP.F_CAP_ADDR[9].U_iCAP_ADDR
    Location             Delay type         Delay(ns)  Physical Resource
                                                       Logical Resource(s)
    -------------------------------------------------  -------------------
    SLICE_X35Y53.XQ      Tcko                  0.411   sys_ila/U0/I_YES_D.U_ILA/U_G2_SQ.U_CAPCTRL/U_CAP_ADDRGEN/cfg_data_vec<10>
                                                       sys_ila/U0/I_YES_D.U_ILA/U_G2_SQ.U_CAPCTRL/U_CAP_ADDRGEN/I_0_TO_64K.F_SEL[9].U_SEL
    SLICE_X35Y54.F4      net (fanout=2)        0.264   sys_ila/U0/I_YES_D.U_ILA/U_G2_SQ.U_CAPCTRL/U_CAP_ADDRGEN/cfg_data_vec<10>
    SLICE_X35Y54.CLK     Tckf        (-Th)    -0.448   sys_ila/U0/I_YES_D.U_ILA/U_G2_SQ.U_CAPCTRL/U_CAP_ADDRGEN/iCAP_ADDR<9>
                                                       sys_ila/U0/I_YES_D.U_ILA/U_G2_SQ.U_CAPCTRL/U_CAP_ADDRGEN/I_INTCAP.F_CAP_ADDR[9].U_CAP_ADDR_MUX
                                                       sys_ila/U0/I_YES_D.U_ILA/U_G2_SQ.U_CAPCTRL/U_CAP_ADDRGEN/I_INTCAP.F_CAP_ADDR[9].U_iCAP_ADDR
    -------------------------------------------------  ---------------------------
    Total                                      1.123ns (0.859ns logic, 0.264ns route)
                                                       (76.5% logic, 23.5% route)

--------------------------------------------------------------------------------

Paths for end point sys_ila/U0/I_YES_D.U_ILA/U_G2_SQ.U_CAPCTRL/U_CAP_ADDRGEN/I_INTCAP.F_CAP_ADDR[0].U_iCAP_ADDR (SLICE_X37Y55.G4), 1 path
--------------------------------------------------------------------------------
Delay (hold path):      1.146ns (datapath - clock path skew - uncertainty)
  Source:               sys_ila/U0/I_YES_D.U_ILA/U_G2_SQ.U_CAPCTRL/U_CAP_ADDRGEN/I_0_TO_64K.F_SEL[0].U_SEL (FF)
  Destination:          sys_ila/U0/I_YES_D.U_ILA/U_G2_SQ.U_CAPCTRL/U_CAP_ADDRGEN/I_INTCAP.F_CAP_ADDR[0].U_iCAP_ADDR (FF)
  Data Path Delay:      1.146ns (Levels of Logic = 1)
  Clock Path Skew:      0.000ns
  Source Clock:         control0<0> rising at 0.000ns
  Destination Clock:    DAC_CLK_OBUF rising
  Clock Uncertainty:    0.000ns

  Minimum Data Path: sys_ila/U0/I_YES_D.U_ILA/U_G2_SQ.U_CAPCTRL/U_CAP_ADDRGEN/I_0_TO_64K.F_SEL[0].U_SEL to sys_ila/U0/I_YES_D.U_ILA/U_G2_SQ.U_CAPCTRL/U_CAP_ADDRGEN/I_INTCAP.F_CAP_ADDR[0].U_iCAP_ADDR
    Location             Delay type         Delay(ns)  Physical Resource
                                                       Logical Resource(s)
    -------------------------------------------------  -------------------
    SLICE_X39Y54.YQ      Tcko                  0.409   sys_ila/U0/I_YES_D.U_ILA/U_G2_SQ.U_CAPCTRL/U_CAP_ADDRGEN/cfg_data_vec<2>
                                                       sys_ila/U0/I_YES_D.U_ILA/U_G2_SQ.U_CAPCTRL/U_CAP_ADDRGEN/I_0_TO_64K.F_SEL[0].U_SEL
    SLICE_X37Y55.G4      net (fanout=2)        0.289   sys_ila/U0/I_YES_D.U_ILA/U_G2_SQ.U_CAPCTRL/U_CAP_ADDRGEN/cfg_data_vec<1>
    SLICE_X37Y55.CLK     Tckg        (-Th)    -0.448   sys_ila/U0/I_YES_D.U_ILA/U_G2_SQ.U_CAPCTRL/U_CAP_ADDRGEN/iCAP_ADDR<1>
                                                       sys_ila/U0/I_YES_D.U_ILA/U_G2_SQ.U_CAPCTRL/U_CAP_ADDRGEN/I_INTCAP.F_CAP_ADDR[0].U_CAP_ADDR_MUX
                                                       sys_ila/U0/I_YES_D.U_ILA/U_G2_SQ.U_CAPCTRL/U_CAP_ADDRGEN/I_INTCAP.F_CAP_ADDR[0].U_iCAP_ADDR
    -------------------------------------------------  ---------------------------
    Total                                      1.146ns (0.857ns logic, 0.289ns route)
                                                       (74.8% logic, 25.2% route)

--------------------------------------------------------------------------------

Paths for end point sys_ila/U0/I_YES_D.U_ILA/U_G2_SQ.U_CAPCTRL/U_CAP_ADDRGEN/I_INTCAP.F_CAP_ADDR[8].U_iCAP_ADDR (SLICE_X35Y54.G2), 1 path
--------------------------------------------------------------------------------
Delay (hold path):      1.163ns (datapath - clock path skew - uncertainty)
  Source:               sys_ila/U0/I_YES_D.U_ILA/U_G2_SQ.U_CAPCTRL/U_CAP_ADDRGEN/I_0_TO_64K.F_SEL[8].U_SEL (FF)
  Destination:          sys_ila/U0/I_YES_D.U_ILA/U_G2_SQ.U_CAPCTRL/U_CAP_ADDRGEN/I_INTCAP.F_CAP_ADDR[8].U_iCAP_ADDR (FF)
  Data Path Delay:      1.163ns (Levels of Logic = 1)
  Clock Path Skew:      0.000ns
  Source Clock:         control0<0> rising at 0.000ns
  Destination Clock:    DAC_CLK_OBUF rising
  Clock Uncertainty:    0.000ns

  Minimum Data Path: sys_ila/U0/I_YES_D.U_ILA/U_G2_SQ.U_CAPCTRL/U_CAP_ADDRGEN/I_0_TO_64K.F_SEL[8].U_SEL to sys_ila/U0/I_YES_D.U_ILA/U_G2_SQ.U_CAPCTRL/U_CAP_ADDRGEN/I_INTCAP.F_CAP_ADDR[8].U_iCAP_ADDR
    Location             Delay type         Delay(ns)  Physical Resource
                                                       Logical Resource(s)
    -------------------------------------------------  -------------------
    SLICE_X35Y53.YQ      Tcko                  0.409   sys_ila/U0/I_YES_D.U_ILA/U_G2_SQ.U_CAPCTRL/U_CAP_ADDRGEN/cfg_data_vec<10>
                                                       sys_ila/U0/I_YES_D.U_ILA/U_G2_SQ.U_CAPCTRL/U_CAP_ADDRGEN/I_0_TO_64K.F_SEL[8].U_SEL
    SLICE_X35Y54.G2      net (fanout=2)        0.306   sys_ila/U0/I_YES_D.U_ILA/U_G2_SQ.U_CAPCTRL/U_CAP_ADDRGEN/cfg_data_vec<9>
    SLICE_X35Y54.CLK     Tckg        (-Th)    -0.448   sys_ila/U0/I_YES_D.U_ILA/U_G2_SQ.U_CAPCTRL/U_CAP_ADDRGEN/iCAP_ADDR<9>
                                                       sys_ila/U0/I_YES_D.U_ILA/U_G2_SQ.U_CAPCTRL/U_CAP_ADDRGEN/I_INTCAP.F_CAP_ADDR[8].U_CAP_ADDR_MUX
                                                       sys_ila/U0/I_YES_D.U_ILA/U_G2_SQ.U_CAPCTRL/U_CAP_ADDRGEN/I_INTCAP.F_CAP_ADDR[8].U_iCAP_ADDR
    -------------------------------------------------  ---------------------------
    Total                                      1.163ns (0.857ns logic, 0.306ns route)
                                                       (73.7% logic, 26.3% route)

--------------------------------------------------------------------------------

================================================================================
Timing constraint: PATH "TS_D_TO_J_path" TIG;

 195 paths analyzed, 179 endpoints analyzed, 0 failing endpoints
 0 timing errors detected. (0 setup errors, 0 hold errors)
--------------------------------------------------------------------------------

Paths for end point sys_ila/U0/I_YES_D.U_ILA/U_STAT/U_TDO (SLICE_X44Y79.F2), 17 paths
--------------------------------------------------------------------------------
Delay (setup path):     6.079ns (data path - clock path skew + uncertainty)
  Source:               sys_ila/U0/I_YES_D.U_ILA/U_STAT/G_NS[4].U_NSQ (FF)
  Destination:          sys_ila/U0/I_YES_D.U_ILA/U_STAT/U_TDO (FF)
  Data Path Delay:      6.079ns (Levels of Logic = 4)
  Clock Path Skew:      0.000ns
  Source Clock:         DAC_CLK_OBUF rising
  Destination Clock:    control0<0> rising at 0.000ns
  Clock Uncertainty:    0.000ns

  Maximum Data Path: sys_ila/U0/I_YES_D.U_ILA/U_STAT/G_NS[4].U_NSQ to sys_ila/U0/I_YES_D.U_ILA/U_STAT/U_TDO
    Location             Delay type         Delay(ns)  Physical Resource
                                                       Logical Resource(s)
    -------------------------------------------------  -------------------
    SLICE_X40Y63.YQ      Tcko                  0.567   sys_ila/U0/I_YES_D.U_ILA/U_STAT/NS_dstat<5>
                                                       sys_ila/U0/I_YES_D.U_ILA/U_STAT/G_NS[4].U_NSQ
    SLICE_X41Y64.G1      net (fanout=1)        1.160   sys_ila/U0/I_YES_D.U_ILA/U_STAT/NS_dstat<4>
    SLICE_X41Y64.F5      Tif5                  0.759   sys_ila/U0/I_YES_D.U_ILA/U_STAT/U_DMUX/U_CS_MUX/I3.U_MUX8/Mmux_O_7_f6
                                                       sys_ila/U0/I_YES_D.U_ILA/U_STAT/U_DMUX/U_CS_MUX/I3.U_MUX8/Mmux_O_10
                                                       sys_ila/U0/I_YES_D.U_ILA/U_STAT/U_DMUX/U_CS_MUX/I3.U_MUX8/Mmux_O_8_f5
    SLICE_X41Y64.FXINA   net (fanout=1)        0.000   sys_ila/U0/I_YES_D.U_ILA/U_STAT/U_DMUX/U_CS_MUX/I3.U_MUX8/Mmux_O_8_f5
    SLICE_X41Y64.Y       Tif6y                 0.451   sys_ila/U0/I_YES_D.U_ILA/U_STAT/U_DMUX/U_CS_MUX/I3.U_MUX8/Mmux_O_7_f6
                                                       sys_ila/U0/I_YES_D.U_ILA/U_STAT/U_DMUX/U_CS_MUX/I3.U_MUX8/Mmux_O_7_f6
    SLICE_X43Y73.F2      net (fanout=1)        0.879   sys_ila/U0/I_YES_D.U_ILA/U_STAT/U_DMUX/U_CS_MUX/I3.U_MUX8/Mmux_O_7_f6
    SLICE_X43Y73.X       Tif5x                 0.890   sys_ila/U0/I_YES_D.U_ILA/U_STAT/TDO_mux_in<0>1
                                                       sys_ila/U0/I_YES_D.U_ILA/U_STAT/U_DMUX/U_CS_MUX/I3.U_MUX8/Mmux_O_3
                                                       sys_ila/U0/I_YES_D.U_ILA/U_STAT/U_DMUX/U_CS_MUX/I3.U_MUX8/Mmux_O_2_f5
    SLICE_X44Y79.F2      net (fanout=1)        0.597   sys_ila/U0/I_YES_D.U_ILA/U_STAT/TDO_mux_in<0>1
    SLICE_X44Y79.CLK     Tfck                  0.776   sys_ila/U0/I_YES_D.U_ILA/iSTAT_DOUT
                                                       sys_ila/U0/I_YES_D.U_ILA/U_STAT/U_MUX/U_CS_MUX/I1.U_MUX2/O87
                                                       sys_ila/U0/I_YES_D.U_ILA/U_STAT/U_TDO
    -------------------------------------------------  ---------------------------
    Total                                      6.079ns (3.443ns logic, 2.636ns route)
                                                       (56.6% logic, 43.4% route)

--------------------------------------------------------------------------------
Delay (setup path):     5.963ns (data path - clock path skew + uncertainty)
  Source:               sys_ila/U0/I_YES_D.U_ILA/U_STAT/G_NS[2].U_NSQ (FF)
  Destination:          sys_ila/U0/I_YES_D.U_ILA/U_STAT/U_TDO (FF)
  Data Path Delay:      5.963ns (Levels of Logic = 4)
  Clock Path Skew:      0.000ns
  Source Clock:         DAC_CLK_OBUF rising
  Destination Clock:    control0<0> rising at 0.000ns
  Clock Uncertainty:    0.000ns

  Maximum Data Path: sys_ila/U0/I_YES_D.U_ILA/U_STAT/G_NS[2].U_NSQ to sys_ila/U0/I_YES_D.U_ILA/U_STAT/U_TDO
    Location             Delay type         Delay(ns)  Physical Resource
                                                       Logical Resource(s)
    -------------------------------------------------  -------------------
    SLICE_X40Y62.YQ      Tcko                  0.567   sys_ila/U0/I_YES_D.U_ILA/U_STAT/NS_dstat<3>
                                                       sys_ila/U0/I_YES_D.U_ILA/U_STAT/G_NS[2].U_NSQ
    SLICE_X41Y65.F4      net (fanout=1)        1.044   sys_ila/U0/I_YES_D.U_ILA/U_STAT/NS_dstat<2>
    SLICE_X41Y65.F5      Tif5                  0.759   sys_ila/U0/I_YES_D.U_ILA/U_STAT/U_DMUX/U_CS_MUX/I3.U_MUX8/Mmux_O_9_f5
                                                       sys_ila/U0/I_YES_D.U_ILA/U_STAT/U_DMUX/U_CS_MUX/I3.U_MUX8/Mmux_O_101
                                                       sys_ila/U0/I_YES_D.U_ILA/U_STAT/U_DMUX/U_CS_MUX/I3.U_MUX8/Mmux_O_9_f5
    SLICE_X41Y64.FXINB   net (fanout=1)        0.000   sys_ila/U0/I_YES_D.U_ILA/U_STAT/U_DMUX/U_CS_MUX/I3.U_MUX8/Mmux_O_9_f5
    SLICE_X41Y64.Y       Tif6y                 0.451   sys_ila/U0/I_YES_D.U_ILA/U_STAT/U_DMUX/U_CS_MUX/I3.U_MUX8/Mmux_O_7_f6
                                                       sys_ila/U0/I_YES_D.U_ILA/U_STAT/U_DMUX/U_CS_MUX/I3.U_MUX8/Mmux_O_7_f6
    SLICE_X43Y73.F2      net (fanout=1)        0.879   sys_ila/U0/I_YES_D.U_ILA/U_STAT/U_DMUX/U_CS_MUX/I3.U_MUX8/Mmux_O_7_f6
    SLICE_X43Y73.X       Tif5x                 0.890   sys_ila/U0/I_YES_D.U_ILA/U_STAT/TDO_mux_in<0>1
                                                       sys_ila/U0/I_YES_D.U_ILA/U_STAT/U_DMUX/U_CS_MUX/I3.U_MUX8/Mmux_O_3
                                                       sys_ila/U0/I_YES_D.U_ILA/U_STAT/U_DMUX/U_CS_MUX/I3.U_MUX8/Mmux_O_2_f5
    SLICE_X44Y79.F2      net (fanout=1)        0.597   sys_ila/U0/I_YES_D.U_ILA/U_STAT/TDO_mux_in<0>1
    SLICE_X44Y79.CLK     Tfck                  0.776   sys_ila/U0/I_YES_D.U_ILA/iSTAT_DOUT
                                                       sys_ila/U0/I_YES_D.U_ILA/U_STAT/U_MUX/U_CS_MUX/I1.U_MUX2/O87
                                                       sys_ila/U0/I_YES_D.U_ILA/U_STAT/U_TDO
    -------------------------------------------------  ---------------------------
    Total                                      5.963ns (3.443ns logic, 2.520ns route)
                                                       (57.7% logic, 42.3% route)

--------------------------------------------------------------------------------
Delay (setup path):     5.529ns (data path - clock path skew + uncertainty)
  Source:               sys_ila/U0/I_YES_D.U_ILA/U_STAT/G_NS[0].U_NSQ (FF)
  Destination:          sys_ila/U0/I_YES_D.U_ILA/U_STAT/U_TDO (FF)
  Data Path Delay:      5.529ns (Levels of Logic = 4)
  Clock Path Skew:      0.000ns
  Source Clock:         DAC_CLK_OBUF rising
  Destination Clock:    control0<0> rising at 0.000ns
  Clock Uncertainty:    0.000ns

  Maximum Data Path: sys_ila/U0/I_YES_D.U_ILA/U_STAT/G_NS[0].U_NSQ to sys_ila/U0/I_YES_D.U_ILA/U_STAT/U_TDO
    Location             Delay type         Delay(ns)  Physical Resource
                                                       Logical Resource(s)
    -------------------------------------------------  -------------------
    SLICE_X41Y62.YQ      Tcko                  0.511   sys_ila/U0/I_YES_D.U_ILA/U_STAT/NS_dstat<1>
                                                       sys_ila/U0/I_YES_D.U_ILA/U_STAT/G_NS[0].U_NSQ
    SLICE_X41Y65.G1      net (fanout=1)        0.666   sys_ila/U0/I_YES_D.U_ILA/U_STAT/NS_dstat<0>
    SLICE_X41Y65.F5      Tif5                  0.759   sys_ila/U0/I_YES_D.U_ILA/U_STAT/U_DMUX/U_CS_MUX/I3.U_MUX8/Mmux_O_9_f5
                                                       sys_ila/U0/I_YES_D.U_ILA/U_STAT/U_DMUX/U_CS_MUX/I3.U_MUX8/Mmux_O_11
                                                       sys_ila/U0/I_YES_D.U_ILA/U_STAT/U_DMUX/U_CS_MUX/I3.U_MUX8/Mmux_O_9_f5
    SLICE_X41Y64.FXINB   net (fanout=1)        0.000   sys_ila/U0/I_YES_D.U_ILA/U_STAT/U_DMUX/U_CS_MUX/I3.U_MUX8/Mmux_O_9_f5
    SLICE_X41Y64.Y       Tif6y                 0.451   sys_ila/U0/I_YES_D.U_ILA/U_STAT/U_DMUX/U_CS_MUX/I3.U_MUX8/Mmux_O_7_f6
                                                       sys_ila/U0/I_YES_D.U_ILA/U_STAT/U_DMUX/U_CS_MUX/I3.U_MUX8/Mmux_O_7_f6
    SLICE_X43Y73.F2      net (fanout=1)        0.879   sys_ila/U0/I_YES_D.U_ILA/U_STAT/U_DMUX/U_CS_MUX/I3.U_MUX8/Mmux_O_7_f6
    SLICE_X43Y73.X       Tif5x                 0.890   sys_ila/U0/I_YES_D.U_ILA/U_STAT/TDO_mux_in<0>1
                                                       sys_ila/U0/I_YES_D.U_ILA/U_STAT/U_DMUX/U_CS_MUX/I3.U_MUX8/Mmux_O_3
                                                       sys_ila/U0/I_YES_D.U_ILA/U_STAT/U_DMUX/U_CS_MUX/I3.U_MUX8/Mmux_O_2_f5
    SLICE_X44Y79.F2      net (fanout=1)        0.597   sys_ila/U0/I_YES_D.U_ILA/U_STAT/TDO_mux_in<0>1
    SLICE_X44Y79.CLK     Tfck                  0.776   sys_ila/U0/I_YES_D.U_ILA/iSTAT_DOUT
                                                       sys_ila/U0/I_YES_D.U_ILA/U_STAT/U_MUX/U_CS_MUX/I1.U_MUX2/O87
                                                       sys_ila/U0/I_YES_D.U_ILA/U_STAT/U_TDO
    -------------------------------------------------  ---------------------------
    Total                                      5.529ns (3.387ns logic, 2.142ns route)
                                                       (61.3% logic, 38.7% route)

--------------------------------------------------------------------------------

Paths for end point sys_ila/U0/I_YES_D.U_ILA/U_G2_SQ.U_CAPCTRL/I_SRLT_NE_1.U_SCE/I_NOLUT6.I_SRL_T2.U_SRLC16E (SLICE_X38Y53.G2), 1 path
--------------------------------------------------------------------------------
Delay (setup path):     2.573ns (data path)
  Source:               sys_ila/U0/I_YES_D.U_ILA/U_G2_SQ.U_CAPCTRL/I_SRLT_NE_1.U_NS1/I_NOLUT6.I_SRL_T2.I_YES_RPM.I_YES_OREG.OUT_REG (FF)
  Destination:          sys_ila/U0/I_YES_D.U_ILA/U_G2_SQ.U_CAPCTRL/I_SRLT_NE_1.U_SCE/I_NOLUT6.I_SRL_T2.U_SRLC16E (FF)
  Data Path Delay:      2.573ns (Levels of Logic = 0)
  Source Clock:         DAC_CLK_OBUF rising

  Maximum Data Path: sys_ila/U0/I_YES_D.U_ILA/U_G2_SQ.U_CAPCTRL/I_SRLT_NE_1.U_NS1/I_NOLUT6.I_SRL_T2.I_YES_RPM.I_YES_OREG.OUT_REG to sys_ila/U0/I_YES_D.U_ILA/U_G2_SQ.U_CAPCTRL/I_SRLT_NE_1.U_SCE/I_NOLUT6.I_SRL_T2.U_SRLC16E
    Location             Delay type         Delay(ns)  Physical Resource
                                                       Logical Resource(s)
    -------------------------------------------------  -------------------
    SLICE_X33Y62.YQ      Tcko                  0.511   sys_ila/U0/I_YES_D.U_ILA/iCAP_STATE<1>
                                                       sys_ila/U0/I_YES_D.U_ILA/U_G2_SQ.U_CAPCTRL/I_SRLT_NE_1.U_NS1/I_NOLUT6.I_SRL_T2.I_YES_RPM.I_YES_OREG.OUT_REG
    SLICE_X38Y53.G2      net (fanout=38)       2.062   sys_ila/U0/I_YES_D.U_ILA/iCAP_STATE<1>
    -------------------------------------------------  ---------------------------
    Total                                      2.573ns (0.511ns logic, 2.062ns route)
                                                       (19.9% logic, 80.1% route)

--------------------------------------------------------------------------------

Paths for end point sys_ila/U0/I_YES_D.U_ILA/U_G2_SQ.U_CAPCTRL/I_SRLT_NE_1.U_WCE/I_NOLUT6.I_SRL_T2.U_SRLC16E (SLICE_X38Y52.G2), 1 path
--------------------------------------------------------------------------------
Delay (setup path):     2.573ns (data path)
  Source:               sys_ila/U0/I_YES_D.U_ILA/U_G2_SQ.U_CAPCTRL/I_SRLT_NE_1.U_NS1/I_NOLUT6.I_SRL_T2.I_YES_RPM.I_YES_OREG.OUT_REG (FF)
  Destination:          sys_ila/U0/I_YES_D.U_ILA/U_G2_SQ.U_CAPCTRL/I_SRLT_NE_1.U_WCE/I_NOLUT6.I_SRL_T2.U_SRLC16E (FF)
  Data Path Delay:      2.573ns (Levels of Logic = 0)
  Source Clock:         DAC_CLK_OBUF rising

  Maximum Data Path: sys_ila/U0/I_YES_D.U_ILA/U_G2_SQ.U_CAPCTRL/I_SRLT_NE_1.U_NS1/I_NOLUT6.I_SRL_T2.I_YES_RPM.I_YES_OREG.OUT_REG to sys_ila/U0/I_YES_D.U_ILA/U_G2_SQ.U_CAPCTRL/I_SRLT_NE_1.U_WCE/I_NOLUT6.I_SRL_T2.U_SRLC16E
    Location             Delay type         Delay(ns)  Physical Resource
                                                       Logical Resource(s)
    -------------------------------------------------  -------------------
    SLICE_X33Y62.YQ      Tcko                  0.511   sys_ila/U0/I_YES_D.U_ILA/iCAP_STATE<1>
                                                       sys_ila/U0/I_YES_D.U_ILA/U_G2_SQ.U_CAPCTRL/I_SRLT_NE_1.U_NS1/I_NOLUT6.I_SRL_T2.I_YES_RPM.I_YES_OREG.OUT_REG
    SLICE_X38Y52.G2      net (fanout=38)       2.062   sys_ila/U0/I_YES_D.U_ILA/iCAP_STATE<1>
    -------------------------------------------------  ---------------------------
    Total                                      2.573ns (0.511ns logic, 2.062ns route)
                                                       (19.9% logic, 80.1% route)

--------------------------------------------------------------------------------

================================================================================
Timing constraint: TS_J_CLK = PERIOD TIMEGRP "J_CLK" 30 ns HIGH 50%;
For more information, see Period Analysis in the Timing Closure User Guide (UG612).

 2909 paths analyzed, 293 endpoints analyzed, 0 failing endpoints
 0 timing errors detected. (0 setup errors, 0 hold errors, 0 component switching limit errors)
 Minimum period is  11.442ns.
--------------------------------------------------------------------------------

Paths for end point sys_ila/U0/I_YES_D.U_ILA/U_STAT/U_TDO (SLICE_X44Y79.F3), 686 paths
--------------------------------------------------------------------------------
Slack (setup path):     18.558ns (requirement - (data path - clock path skew + uncertainty))
  Source:               sys_icon/U0/U_ICON/U_CMD/G_TARGET[8].I_NE0.U_TARGET (FF)
  Destination:          sys_ila/U0/I_YES_D.U_ILA/U_STAT/U_TDO (FF)
  Requirement:          30.000ns
  Data Path Delay:      11.442ns (Levels of Logic = 11)
  Clock Path Skew:      0.000ns
  Source Clock:         control0<0> rising at 0.000ns
  Destination Clock:    control0<0> rising at 30.000ns
  Clock Uncertainty:    0.000ns

  Maximum Data Path: sys_icon/U0/U_ICON/U_CMD/G_TARGET[8].I_NE0.U_TARGET to sys_ila/U0/I_YES_D.U_ILA/U_STAT/U_TDO
    Location             Delay type         Delay(ns)  Physical Resource
                                                       Logical Resource(s)
    -------------------------------------------------  -------------------
    SLICE_X54Y81.YQ      Tcko                  0.567   sys_icon/U0/U_ICON/U_CMD/iTARGET<9>
                                                       sys_icon/U0/U_ICON/U_CMD/G_TARGET[8].I_NE0.U_TARGET
    SLICE_X53Y79.G4      net (fanout=17)       1.941   sys_icon/U0/U_ICON/U_CMD/iTARGET<8>
    SLICE_X53Y79.Y       Tilo                  0.612   sys_icon/U0/U_ICON/iCOMMAND_SEL<11>
                                                       sys_icon/U0/U_ICON/U_CMD/U_COMMAND_SEL/I4.FI[10].U_LUT
    SLICE_X50Y58.G1      net (fanout=2)        1.174   sys_icon/U0/U_ICON/iCOMMAND_SEL<10>
    SLICE_X50Y58.Y       Tilo                  0.660   sys_ila/U0/I_YES_D.U_ILA/U_CAPSTOR/I_CASE1.I_NO_TB.I_RT1.I_RDADDR/highAddr_ce
                                                       sys_icon/U0/U_ICON/U_CTRL_OUT/F_NCP[0].F_CMD[10].U_LCE
    SLICE_X51Y75.G3      net (fanout=10)       0.616   control0<14>
    SLICE_X51Y75.COUT    Topcyg                0.871   sys_ila/U0/U_XST_CONTROLBUS_WORKAROUND/CONTROL_XST_WORKAROUND_O_cmp_eq0000_wg_cy<1>
                                                       sys_ila/U0/U_XST_CONTROLBUS_WORKAROUND/CONTROL_XST_WORKAROUND_O_cmp_eq0000_wg_lut<1>
                                                       sys_ila/U0/U_XST_CONTROLBUS_WORKAROUND/CONTROL_XST_WORKAROUND_O_cmp_eq0000_wg_cy<1>
    SLICE_X51Y76.CIN     net (fanout=1)        0.000   sys_ila/U0/U_XST_CONTROLBUS_WORKAROUND/CONTROL_XST_WORKAROUND_O_cmp_eq0000_wg_cy<1>
    SLICE_X51Y76.COUT    Tbyp                  0.103   sys_ila/U0/U_XST_CONTROLBUS_WORKAROUND/CONTROL_XST_WORKAROUND_O_cmp_eq0000_wg_cy<3>
                                                       sys_ila/U0/U_XST_CONTROLBUS_WORKAROUND/CONTROL_XST_WORKAROUND_O_cmp_eq0000_wg_cy<2>
                                                       sys_ila/U0/U_XST_CONTROLBUS_WORKAROUND/CONTROL_XST_WORKAROUND_O_cmp_eq0000_wg_cy<3>
    SLICE_X51Y77.CIN     net (fanout=1)        0.000   sys_ila/U0/U_XST_CONTROLBUS_WORKAROUND/CONTROL_XST_WORKAROUND_O_cmp_eq0000_wg_cy<3>
    SLICE_X51Y77.COUT    Tbyp                  0.103   sys_ila/U0/U_XST_CONTROLBUS_WORKAROUND/CONTROL_XST_WORKAROUND_O_cmp_eq0000_wg_cy<5>
                                                       sys_ila/U0/U_XST_CONTROLBUS_WORKAROUND/CONTROL_XST_WORKAROUND_O_cmp_eq0000_wg_cy<4>
                                                       sys_ila/U0/U_XST_CONTROLBUS_WORKAROUND/CONTROL_XST_WORKAROUND_O_cmp_eq0000_wg_cy<5>
    SLICE_X51Y78.CIN     net (fanout=1)        0.000   sys_ila/U0/U_XST_CONTROLBUS_WORKAROUND/CONTROL_XST_WORKAROUND_O_cmp_eq0000_wg_cy<5>
    SLICE_X51Y78.COUT    Tbyp                  0.103   sys_ila/U0/U_XST_CONTROLBUS_WORKAROUND/CONTROL_XST_WORKAROUND_O_cmp_eq0000_wg_cy<7>
                                                       sys_ila/U0/U_XST_CONTROLBUS_WORKAROUND/CONTROL_XST_WORKAROUND_O_cmp_eq0000_wg_cy<6>
                                                       sys_ila/U0/U_XST_CONTROLBUS_WORKAROUND/CONTROL_XST_WORKAROUND_O_cmp_eq0000_wg_cy<7>
    SLICE_X51Y79.CIN     net (fanout=1)        0.000   sys_ila/U0/U_XST_CONTROLBUS_WORKAROUND/CONTROL_XST_WORKAROUND_O_cmp_eq0000_wg_cy<7>
    SLICE_X51Y79.XB      Tcinxb                0.352   control0<35>
                                                       sys_ila/U0/U_XST_CONTROLBUS_WORKAROUND/CONTROL_XST_WORKAROUND_O_cmp_eq0000_wg_cy<8>
    SLICE_X44Y77.F3      net (fanout=3)        0.802   sys_ila/U0/U_XST_CONTROLBUS_WORKAROUND/CONTROL_XST_WORKAROUND_O_cmp_eq0000_wg_cy<8>
    SLICE_X44Y77.X       Tif5x                 1.000   sys_ila/U0/I_YES_D.U_ILA/U_STAT/U_SMUX/U_CS_MUX/I6.U_MUX64/Mmux_O_15_f5
                                                       sys_ila/U0/I_YES_D.U_ILA/U_STAT/U_SMUX/U_CS_MUX/I6.U_MUX64/Mmux_O_15_f5_G
                                                       sys_ila/U0/I_YES_D.U_ILA/U_STAT/U_SMUX/U_CS_MUX/I6.U_MUX64/Mmux_O_15_f5
    SLICE_X44Y76.F2      net (fanout=1)        0.063   sys_ila/U0/I_YES_D.U_ILA/U_STAT/U_SMUX/U_CS_MUX/I6.U_MUX64/Mmux_O_15_f5
    SLICE_X44Y76.X       Tilo                  0.660   sys_ila/N40
                                                       sys_ila/U0/I_YES_D.U_ILA/U_STAT/U_MUX/U_CS_MUX/I1.U_MUX2/O21_SW0
    SLICE_X44Y79.G1      net (fanout=1)        0.359   sys_ila/N40
    SLICE_X44Y79.Y       Tilo                  0.660   sys_ila/U0/I_YES_D.U_ILA/iSTAT_DOUT
                                                       sys_ila/U0/I_YES_D.U_ILA/U_STAT/U_MUX/U_CS_MUX/I1.U_MUX2/O39
    SLICE_X44Y79.F3      net (fanout=1)        0.020   sys_ila/U0/I_YES_D.U_ILA/U_STAT/U_MUX/U_CS_MUX/I1.U_MUX2/O39/O
    SLICE_X44Y79.CLK     Tfck                  0.776   sys_ila/U0/I_YES_D.U_ILA/iSTAT_DOUT
                                                       sys_ila/U0/I_YES_D.U_ILA/U_STAT/U_MUX/U_CS_MUX/I1.U_MUX2/O87
                                                       sys_ila/U0/I_YES_D.U_ILA/U_STAT/U_TDO
    -------------------------------------------------  ---------------------------
    Total                                     11.442ns (6.467ns logic, 4.975ns route)
                                                       (56.5% logic, 43.5% route)

--------------------------------------------------------------------------------
Slack (setup path):     18.746ns (requirement - (data path - clock path skew + uncertainty))
  Source:               sys_icon/U0/U_ICON/U_CMD/G_TARGET[12].I_NE0.U_TARGET (FF)
  Destination:          sys_ila/U0/I_YES_D.U_ILA/U_STAT/U_TDO (FF)
  Requirement:          30.000ns
  Data Path Delay:      11.254ns (Levels of Logic = 11)
  Clock Path Skew:      0.000ns
  Source Clock:         control0<0> rising at 0.000ns
  Destination Clock:    control0<0> rising at 30.000ns
  Clock Uncertainty:    0.000ns

  Maximum Data Path: sys_icon/U0/U_ICON/U_CMD/G_TARGET[12].I_NE0.U_TARGET to sys_ila/U0/I_YES_D.U_ILA/U_STAT/U_TDO
    Location             Delay type         Delay(ns)  Physical Resource
                                                       Logical Resource(s)
    -------------------------------------------------  -------------------
    SLICE_X54Y84.YQ      Tcko                  0.567   sys_icon/U0/U_ICON/iCORE_ID<1>
                                                       sys_icon/U0/U_ICON/U_CMD/G_TARGET[12].I_NE0.U_TARGET
    SLICE_X54Y85.F2      net (fanout=5)        0.593   sys_icon/U0/U_ICON/iCORE_ID<0>
    SLICE_X54Y85.X       Tilo                  0.660   sys_icon/U0/U_ICON/iCORE_ID_SEL<0>
                                                       sys_icon/U0/U_ICON/U_CMD/U_CORE_ID_SEL/I4.FI[0].U_LUT
    SLICE_X50Y58.G2      net (fanout=29)       2.286   sys_icon/U0/U_ICON/iCORE_ID_SEL<0>
    SLICE_X50Y58.Y       Tilo                  0.660   sys_ila/U0/I_YES_D.U_ILA/U_CAPSTOR/I_CASE1.I_NO_TB.I_RT1.I_RDADDR/highAddr_ce
                                                       sys_icon/U0/U_ICON/U_CTRL_OUT/F_NCP[0].F_CMD[10].U_LCE
    SLICE_X51Y75.G3      net (fanout=10)       0.616   control0<14>
    SLICE_X51Y75.COUT    Topcyg                0.871   sys_ila/U0/U_XST_CONTROLBUS_WORKAROUND/CONTROL_XST_WORKAROUND_O_cmp_eq0000_wg_cy<1>
                                                       sys_ila/U0/U_XST_CONTROLBUS_WORKAROUND/CONTROL_XST_WORKAROUND_O_cmp_eq0000_wg_lut<1>
                                                       sys_ila/U0/U_XST_CONTROLBUS_WORKAROUND/CONTROL_XST_WORKAROUND_O_cmp_eq0000_wg_cy<1>
    SLICE_X51Y76.CIN     net (fanout=1)        0.000   sys_ila/U0/U_XST_CONTROLBUS_WORKAROUND/CONTROL_XST_WORKAROUND_O_cmp_eq0000_wg_cy<1>
    SLICE_X51Y76.COUT    Tbyp                  0.103   sys_ila/U0/U_XST_CONTROLBUS_WORKAROUND/CONTROL_XST_WORKAROUND_O_cmp_eq0000_wg_cy<3>
                                                       sys_ila/U0/U_XST_CONTROLBUS_WORKAROUND/CONTROL_XST_WORKAROUND_O_cmp_eq0000_wg_cy<2>
                                                       sys_ila/U0/U_XST_CONTROLBUS_WORKAROUND/CONTROL_XST_WORKAROUND_O_cmp_eq0000_wg_cy<3>
    SLICE_X51Y77.CIN     net (fanout=1)        0.000   sys_ila/U0/U_XST_CONTROLBUS_WORKAROUND/CONTROL_XST_WORKAROUND_O_cmp_eq0000_wg_cy<3>
    SLICE_X51Y77.COUT    Tbyp                  0.103   sys_ila/U0/U_XST_CONTROLBUS_WORKAROUND/CONTROL_XST_WORKAROUND_O_cmp_eq0000_wg_cy<5>
                                                       sys_ila/U0/U_XST_CONTROLBUS_WORKAROUND/CONTROL_XST_WORKAROUND_O_cmp_eq0000_wg_cy<4>
                                                       sys_ila/U0/U_XST_CONTROLBUS_WORKAROUND/CONTROL_XST_WORKAROUND_O_cmp_eq0000_wg_cy<5>
    SLICE_X51Y78.CIN     net (fanout=1)        0.000   sys_ila/U0/U_XST_CONTROLBUS_WORKAROUND/CONTROL_XST_WORKAROUND_O_cmp_eq0000_wg_cy<5>
    SLICE_X51Y78.COUT    Tbyp                  0.103   sys_ila/U0/U_XST_CONTROLBUS_WORKAROUND/CONTROL_XST_WORKAROUND_O_cmp_eq0000_wg_cy<7>
                                                       sys_ila/U0/U_XST_CONTROLBUS_WORKAROUND/CONTROL_XST_WORKAROUND_O_cmp_eq0000_wg_cy<6>
                                                       sys_ila/U0/U_XST_CONTROLBUS_WORKAROUND/CONTROL_XST_WORKAROUND_O_cmp_eq0000_wg_cy<7>
    SLICE_X51Y79.CIN     net (fanout=1)        0.000   sys_ila/U0/U_XST_CONTROLBUS_WORKAROUND/CONTROL_XST_WORKAROUND_O_cmp_eq0000_wg_cy<7>
    SLICE_X51Y79.XB      Tcinxb                0.352   control0<35>
                                                       sys_ila/U0/U_XST_CONTROLBUS_WORKAROUND/CONTROL_XST_WORKAROUND_O_cmp_eq0000_wg_cy<8>
    SLICE_X44Y77.F3      net (fanout=3)        0.802   sys_ila/U0/U_XST_CONTROLBUS_WORKAROUND/CONTROL_XST_WORKAROUND_O_cmp_eq0000_wg_cy<8>
    SLICE_X44Y77.X       Tif5x                 1.000   sys_ila/U0/I_YES_D.U_ILA/U_STAT/U_SMUX/U_CS_MUX/I6.U_MUX64/Mmux_O_15_f5
                                                       sys_ila/U0/I_YES_D.U_ILA/U_STAT/U_SMUX/U_CS_MUX/I6.U_MUX64/Mmux_O_15_f5_G
                                                       sys_ila/U0/I_YES_D.U_ILA/U_STAT/U_SMUX/U_CS_MUX/I6.U_MUX64/Mmux_O_15_f5
    SLICE_X44Y76.F2      net (fanout=1)        0.063   sys_ila/U0/I_YES_D.U_ILA/U_STAT/U_SMUX/U_CS_MUX/I6.U_MUX64/Mmux_O_15_f5
    SLICE_X44Y76.X       Tilo                  0.660   sys_ila/N40
                                                       sys_ila/U0/I_YES_D.U_ILA/U_STAT/U_MUX/U_CS_MUX/I1.U_MUX2/O21_SW0
    SLICE_X44Y79.G1      net (fanout=1)        0.359   sys_ila/N40
    SLICE_X44Y79.Y       Tilo                  0.660   sys_ila/U0/I_YES_D.U_ILA/iSTAT_DOUT
                                                       sys_ila/U0/I_YES_D.U_ILA/U_STAT/U_MUX/U_CS_MUX/I1.U_MUX2/O39
    SLICE_X44Y79.F3      net (fanout=1)        0.020   sys_ila/U0/I_YES_D.U_ILA/U_STAT/U_MUX/U_CS_MUX/I1.U_MUX2/O39/O
    SLICE_X44Y79.CLK     Tfck                  0.776   sys_ila/U0/I_YES_D.U_ILA/iSTAT_DOUT
                                                       sys_ila/U0/I_YES_D.U_ILA/U_STAT/U_MUX/U_CS_MUX/I1.U_MUX2/O87
                                                       sys_ila/U0/I_YES_D.U_ILA/U_STAT/U_TDO
    -------------------------------------------------  ---------------------------
    Total                                     11.254ns (6.515ns logic, 4.739ns route)
                                                       (57.9% logic, 42.1% route)

--------------------------------------------------------------------------------
Slack (setup path):     18.774ns (requirement - (data path - clock path skew + uncertainty))
  Source:               sys_icon/U0/U_ICON/U_SYNC/U_SYNC (FF)
  Destination:          sys_ila/U0/I_YES_D.U_ILA/U_STAT/U_TDO (FF)
  Requirement:          30.000ns
  Data Path Delay:      11.226ns (Levels of Logic = 11)
  Clock Path Skew:      0.000ns
  Source Clock:         control0<0> rising at 0.000ns
  Destination Clock:    control0<0> rising at 30.000ns
  Clock Uncertainty:    0.000ns

  Maximum Data Path: sys_icon/U0/U_ICON/U_SYNC/U_SYNC to sys_ila/U0/I_YES_D.U_ILA/U_STAT/U_TDO
    Location             Delay type         Delay(ns)  Physical Resource
                                                       Logical Resource(s)
    -------------------------------------------------  -------------------
    SLICE_X64Y88.YQ      Tcko                  0.567   sys_icon/U0/U_ICON/iSYNC
                                                       sys_icon/U0/U_ICON/U_SYNC/U_SYNC
    SLICE_X65Y88.F1      net (fanout=2)        0.490   sys_icon/U0/U_ICON/iSYNC
    SLICE_X65Y88.X       Tilo                  0.612   sys_icon/U0/U_ICON/U_CTRL_OUT/iDATA_VALID
                                                       sys_icon/U0/U_ICON/U_CTRL_OUT/U_DATA_VALID
    SLICE_X49Y62.G4      net (fanout=29)       2.084   sys_icon/U0/U_ICON/U_CTRL_OUT/iDATA_VALID
    SLICE_X49Y62.Y       Tilo                  0.612   sys_ila/U0/I_YES_D.U_ILA/U_G2_SQ.U_CAPCTRL/U_CAP_ADDRGEN/cfg_data<2>
                                                       sys_icon/U0/U_ICON/U_CTRL_OUT/F_NCP[0].F_CMD[5].U_LCE
    SLICE_X51Y75.G1      net (fanout=47)       0.989   control0<9>
    SLICE_X51Y75.COUT    Topcyg                0.871   sys_ila/U0/U_XST_CONTROLBUS_WORKAROUND/CONTROL_XST_WORKAROUND_O_cmp_eq0000_wg_cy<1>
                                                       sys_ila/U0/U_XST_CONTROLBUS_WORKAROUND/CONTROL_XST_WORKAROUND_O_cmp_eq0000_wg_lut<1>
                                                       sys_ila/U0/U_XST_CONTROLBUS_WORKAROUND/CONTROL_XST_WORKAROUND_O_cmp_eq0000_wg_cy<1>
    SLICE_X51Y76.CIN     net (fanout=1)        0.000   sys_ila/U0/U_XST_CONTROLBUS_WORKAROUND/CONTROL_XST_WORKAROUND_O_cmp_eq0000_wg_cy<1>
    SLICE_X51Y76.COUT    Tbyp                  0.103   sys_ila/U0/U_XST_CONTROLBUS_WORKAROUND/CONTROL_XST_WORKAROUND_O_cmp_eq0000_wg_cy<3>
                                                       sys_ila/U0/U_XST_CONTROLBUS_WORKAROUND/CONTROL_XST_WORKAROUND_O_cmp_eq0000_wg_cy<2>
                                                       sys_ila/U0/U_XST_CONTROLBUS_WORKAROUND/CONTROL_XST_WORKAROUND_O_cmp_eq0000_wg_cy<3>
    SLICE_X51Y77.CIN     net (fanout=1)        0.000   sys_ila/U0/U_XST_CONTROLBUS_WORKAROUND/CONTROL_XST_WORKAROUND_O_cmp_eq0000_wg_cy<3>
    SLICE_X51Y77.COUT    Tbyp                  0.103   sys_ila/U0/U_XST_CONTROLBUS_WORKAROUND/CONTROL_XST_WORKAROUND_O_cmp_eq0000_wg_cy<5>
                                                       sys_ila/U0/U_XST_CONTROLBUS_WORKAROUND/CONTROL_XST_WORKAROUND_O_cmp_eq0000_wg_cy<4>
                                                       sys_ila/U0/U_XST_CONTROLBUS_WORKAROUND/CONTROL_XST_WORKAROUND_O_cmp_eq0000_wg_cy<5>
    SLICE_X51Y78.CIN     net (fanout=1)        0.000   sys_ila/U0/U_XST_CONTROLBUS_WORKAROUND/CONTROL_XST_WORKAROUND_O_cmp_eq0000_wg_cy<5>
    SLICE_X51Y78.COUT    Tbyp                  0.103   sys_ila/U0/U_XST_CONTROLBUS_WORKAROUND/CONTROL_XST_WORKAROUND_O_cmp_eq0000_wg_cy<7>
                                                       sys_ila/U0/U_XST_CONTROLBUS_WORKAROUND/CONTROL_XST_WORKAROUND_O_cmp_eq0000_wg_cy<6>
                                                       sys_ila/U0/U_XST_CONTROLBUS_WORKAROUND/CONTROL_XST_WORKAROUND_O_cmp_eq0000_wg_cy<7>
    SLICE_X51Y79.CIN     net (fanout=1)        0.000   sys_ila/U0/U_XST_CONTROLBUS_WORKAROUND/CONTROL_XST_WORKAROUND_O_cmp_eq0000_wg_cy<7>
    SLICE_X51Y79.XB      Tcinxb                0.352   control0<35>
                                                       sys_ila/U0/U_XST_CONTROLBUS_WORKAROUND/CONTROL_XST_WORKAROUND_O_cmp_eq0000_wg_cy<8>
    SLICE_X44Y77.F3      net (fanout=3)        0.802   sys_ila/U0/U_XST_CONTROLBUS_WORKAROUND/CONTROL_XST_WORKAROUND_O_cmp_eq0000_wg_cy<8>
    SLICE_X44Y77.X       Tif5x                 1.000   sys_ila/U0/I_YES_D.U_ILA/U_STAT/U_SMUX/U_CS_MUX/I6.U_MUX64/Mmux_O_15_f5
                                                       sys_ila/U0/I_YES_D.U_ILA/U_STAT/U_SMUX/U_CS_MUX/I6.U_MUX64/Mmux_O_15_f5_G
                                                       sys_ila/U0/I_YES_D.U_ILA/U_STAT/U_SMUX/U_CS_MUX/I6.U_MUX64/Mmux_O_15_f5
    SLICE_X44Y76.F2      net (fanout=1)        0.063   sys_ila/U0/I_YES_D.U_ILA/U_STAT/U_SMUX/U_CS_MUX/I6.U_MUX64/Mmux_O_15_f5
    SLICE_X44Y76.X       Tilo                  0.660   sys_ila/N40
                                                       sys_ila/U0/I_YES_D.U_ILA/U_STAT/U_MUX/U_CS_MUX/I1.U_MUX2/O21_SW0
    SLICE_X44Y79.G1      net (fanout=1)        0.359   sys_ila/N40
    SLICE_X44Y79.Y       Tilo                  0.660   sys_ila/U0/I_YES_D.U_ILA/iSTAT_DOUT
                                                       sys_ila/U0/I_YES_D.U_ILA/U_STAT/U_MUX/U_CS_MUX/I1.U_MUX2/O39
    SLICE_X44Y79.F3      net (fanout=1)        0.020   sys_ila/U0/I_YES_D.U_ILA/U_STAT/U_MUX/U_CS_MUX/I1.U_MUX2/O39/O
    SLICE_X44Y79.CLK     Tfck                  0.776   sys_ila/U0/I_YES_D.U_ILA/iSTAT_DOUT
                                                       sys_ila/U0/I_YES_D.U_ILA/U_STAT/U_MUX/U_CS_MUX/I1.U_MUX2/O87
                                                       sys_ila/U0/I_YES_D.U_ILA/U_STAT/U_TDO
    -------------------------------------------------  ---------------------------
    Total                                     11.226ns (6.419ns logic, 4.807ns route)
                                                       (57.2% logic, 42.8% route)

--------------------------------------------------------------------------------

Paths for end point sys_ila/U0/I_YES_D.U_ILA/U_STAT/U_TDO (SLICE_X44Y79.F4), 322 paths
--------------------------------------------------------------------------------
Slack (setup path):     20.537ns (requirement - (data path - clock path skew + uncertainty))
  Source:               sys_icon/U0/U_ICON/U_CMD/G_TARGET[8].I_NE0.U_TARGET (FF)
  Destination:          sys_ila/U0/I_YES_D.U_ILA/U_STAT/U_TDO (FF)
  Requirement:          30.000ns
  Data Path Delay:      9.463ns (Levels of Logic = 9)
  Clock Path Skew:      0.000ns
  Source Clock:         control0<0> rising at 0.000ns
  Destination Clock:    control0<0> rising at 30.000ns
  Clock Uncertainty:    0.000ns

  Maximum Data Path: sys_icon/U0/U_ICON/U_CMD/G_TARGET[8].I_NE0.U_TARGET to sys_ila/U0/I_YES_D.U_ILA/U_STAT/U_TDO
    Location             Delay type         Delay(ns)  Physical Resource
                                                       Logical Resource(s)
    -------------------------------------------------  -------------------
    SLICE_X54Y81.YQ      Tcko                  0.567   sys_icon/U0/U_ICON/U_CMD/iTARGET<9>
                                                       sys_icon/U0/U_ICON/U_CMD/G_TARGET[8].I_NE0.U_TARGET
    SLICE_X53Y79.G4      net (fanout=17)       1.941   sys_icon/U0/U_ICON/U_CMD/iTARGET<8>
    SLICE_X53Y79.Y       Tilo                  0.612   sys_icon/U0/U_ICON/iCOMMAND_SEL<11>
                                                       sys_icon/U0/U_ICON/U_CMD/U_COMMAND_SEL/I4.FI[10].U_LUT
    SLICE_X50Y58.G1      net (fanout=2)        1.174   sys_icon/U0/U_ICON/iCOMMAND_SEL<10>
    SLICE_X50Y58.Y       Tilo                  0.660   sys_ila/U0/I_YES_D.U_ILA/U_CAPSTOR/I_CASE1.I_NO_TB.I_RT1.I_RDADDR/highAddr_ce
                                                       sys_icon/U0/U_ICON/U_CTRL_OUT/F_NCP[0].F_CMD[10].U_LCE
    SLICE_X51Y75.G3      net (fanout=10)       0.616   control0<14>
    SLICE_X51Y75.COUT    Topcyg                0.871   sys_ila/U0/U_XST_CONTROLBUS_WORKAROUND/CONTROL_XST_WORKAROUND_O_cmp_eq0000_wg_cy<1>
                                                       sys_ila/U0/U_XST_CONTROLBUS_WORKAROUND/CONTROL_XST_WORKAROUND_O_cmp_eq0000_wg_lut<1>
                                                       sys_ila/U0/U_XST_CONTROLBUS_WORKAROUND/CONTROL_XST_WORKAROUND_O_cmp_eq0000_wg_cy<1>
    SLICE_X51Y76.CIN     net (fanout=1)        0.000   sys_ila/U0/U_XST_CONTROLBUS_WORKAROUND/CONTROL_XST_WORKAROUND_O_cmp_eq0000_wg_cy<1>
    SLICE_X51Y76.COUT    Tbyp                  0.103   sys_ila/U0/U_XST_CONTROLBUS_WORKAROUND/CONTROL_XST_WORKAROUND_O_cmp_eq0000_wg_cy<3>
                                                       sys_ila/U0/U_XST_CONTROLBUS_WORKAROUND/CONTROL_XST_WORKAROUND_O_cmp_eq0000_wg_cy<2>
                                                       sys_ila/U0/U_XST_CONTROLBUS_WORKAROUND/CONTROL_XST_WORKAROUND_O_cmp_eq0000_wg_cy<3>
    SLICE_X51Y77.CIN     net (fanout=1)        0.000   sys_ila/U0/U_XST_CONTROLBUS_WORKAROUND/CONTROL_XST_WORKAROUND_O_cmp_eq0000_wg_cy<3>
    SLICE_X51Y77.COUT    Tbyp                  0.103   sys_ila/U0/U_XST_CONTROLBUS_WORKAROUND/CONTROL_XST_WORKAROUND_O_cmp_eq0000_wg_cy<5>
                                                       sys_ila/U0/U_XST_CONTROLBUS_WORKAROUND/CONTROL_XST_WORKAROUND_O_cmp_eq0000_wg_cy<4>
                                                       sys_ila/U0/U_XST_CONTROLBUS_WORKAROUND/CONTROL_XST_WORKAROUND_O_cmp_eq0000_wg_cy<5>
    SLICE_X51Y78.CIN     net (fanout=1)        0.000   sys_ila/U0/U_XST_CONTROLBUS_WORKAROUND/CONTROL_XST_WORKAROUND_O_cmp_eq0000_wg_cy<5>
    SLICE_X51Y78.COUT    Tbyp                  0.103   sys_ila/U0/U_XST_CONTROLBUS_WORKAROUND/CONTROL_XST_WORKAROUND_O_cmp_eq0000_wg_cy<7>
                                                       sys_ila/U0/U_XST_CONTROLBUS_WORKAROUND/CONTROL_XST_WORKAROUND_O_cmp_eq0000_wg_cy<6>
                                                       sys_ila/U0/U_XST_CONTROLBUS_WORKAROUND/CONTROL_XST_WORKAROUND_O_cmp_eq0000_wg_cy<7>
    SLICE_X51Y79.CIN     net (fanout=1)        0.000   sys_ila/U0/U_XST_CONTROLBUS_WORKAROUND/CONTROL_XST_WORKAROUND_O_cmp_eq0000_wg_cy<7>
    SLICE_X51Y79.XB      Tcinxb                0.352   control0<35>
                                                       sys_ila/U0/U_XST_CONTROLBUS_WORKAROUND/CONTROL_XST_WORKAROUND_O_cmp_eq0000_wg_cy<8>
    SLICE_X44Y78.G1      net (fanout=3)        0.905   sys_ila/U0/U_XST_CONTROLBUS_WORKAROUND/CONTROL_XST_WORKAROUND_O_cmp_eq0000_wg_cy<8>
    SLICE_X44Y78.Y       Tilo                  0.660   sys_ila/U0/I_YES_D.U_ILA/U_STAT/U_MUX/U_CS_MUX/I1.U_MUX2/O37
                                                       sys_ila/U0/I_YES_D.U_ILA/U_STAT/U_MUX/U_CS_MUX/I1.U_MUX2/O4
    SLICE_X44Y79.F4      net (fanout=1)        0.020   sys_ila/U0/I_YES_D.U_ILA/U_STAT/U_MUX/U_CS_MUX/I1.U_MUX2/O4
    SLICE_X44Y79.CLK     Tfck                  0.776   sys_ila/U0/I_YES_D.U_ILA/iSTAT_DOUT
                                                       sys_ila/U0/I_YES_D.U_ILA/U_STAT/U_MUX/U_CS_MUX/I1.U_MUX2/O87
                                                       sys_ila/U0/I_YES_D.U_ILA/U_STAT/U_TDO
    -------------------------------------------------  ---------------------------
    Total                                      9.463ns (4.807ns logic, 4.656ns route)
                                                       (50.8% logic, 49.2% route)

--------------------------------------------------------------------------------
Slack (setup path):     20.725ns (requirement - (data path - clock path skew + uncertainty))
  Source:               sys_icon/U0/U_ICON/U_CMD/G_TARGET[12].I_NE0.U_TARGET (FF)
  Destination:          sys_ila/U0/I_YES_D.U_ILA/U_STAT/U_TDO (FF)
  Requirement:          30.000ns
  Data Path Delay:      9.275ns (Levels of Logic = 9)
  Clock Path Skew:      0.000ns
  Source Clock:         control0<0> rising at 0.000ns
  Destination Clock:    control0<0> rising at 30.000ns
  Clock Uncertainty:    0.000ns

  Maximum Data Path: sys_icon/U0/U_ICON/U_CMD/G_TARGET[12].I_NE0.U_TARGET to sys_ila/U0/I_YES_D.U_ILA/U_STAT/U_TDO
    Location             Delay type         Delay(ns)  Physical Resource
                                                       Logical Resource(s)
    -------------------------------------------------  -------------------
    SLICE_X54Y84.YQ      Tcko                  0.567   sys_icon/U0/U_ICON/iCORE_ID<1>
                                                       sys_icon/U0/U_ICON/U_CMD/G_TARGET[12].I_NE0.U_TARGET
    SLICE_X54Y85.F2      net (fanout=5)        0.593   sys_icon/U0/U_ICON/iCORE_ID<0>
    SLICE_X54Y85.X       Tilo                  0.660   sys_icon/U0/U_ICON/iCORE_ID_SEL<0>
                                                       sys_icon/U0/U_ICON/U_CMD/U_CORE_ID_SEL/I4.FI[0].U_LUT
    SLICE_X50Y58.G2      net (fanout=29)       2.286   sys_icon/U0/U_ICON/iCORE_ID_SEL<0>
    SLICE_X50Y58.Y       Tilo                  0.660   sys_ila/U0/I_YES_D.U_ILA/U_CAPSTOR/I_CASE1.I_NO_TB.I_RT1.I_RDADDR/highAddr_ce
                                                       sys_icon/U0/U_ICON/U_CTRL_OUT/F_NCP[0].F_CMD[10].U_LCE
    SLICE_X51Y75.G3      net (fanout=10)       0.616   control0<14>
    SLICE_X51Y75.COUT    Topcyg                0.871   sys_ila/U0/U_XST_CONTROLBUS_WORKAROUND/CONTROL_XST_WORKAROUND_O_cmp_eq0000_wg_cy<1>
                                                       sys_ila/U0/U_XST_CONTROLBUS_WORKAROUND/CONTROL_XST_WORKAROUND_O_cmp_eq0000_wg_lut<1>
                                                       sys_ila/U0/U_XST_CONTROLBUS_WORKAROUND/CONTROL_XST_WORKAROUND_O_cmp_eq0000_wg_cy<1>
    SLICE_X51Y76.CIN     net (fanout=1)        0.000   sys_ila/U0/U_XST_CONTROLBUS_WORKAROUND/CONTROL_XST_WORKAROUND_O_cmp_eq0000_wg_cy<1>
    SLICE_X51Y76.COUT    Tbyp                  0.103   sys_ila/U0/U_XST_CONTROLBUS_WORKAROUND/CONTROL_XST_WORKAROUND_O_cmp_eq0000_wg_cy<3>
                                                       sys_ila/U0/U_XST_CONTROLBUS_WORKAROUND/CONTROL_XST_WORKAROUND_O_cmp_eq0000_wg_cy<2>
                                                       sys_ila/U0/U_XST_CONTROLBUS_WORKAROUND/CONTROL_XST_WORKAROUND_O_cmp_eq0000_wg_cy<3>
    SLICE_X51Y77.CIN     net (fanout=1)        0.000   sys_ila/U0/U_XST_CONTROLBUS_WORKAROUND/CONTROL_XST_WORKAROUND_O_cmp_eq0000_wg_cy<3>
    SLICE_X51Y77.COUT    Tbyp                  0.103   sys_ila/U0/U_XST_CONTROLBUS_WORKAROUND/CONTROL_XST_WORKAROUND_O_cmp_eq0000_wg_cy<5>
                                                       sys_ila/U0/U_XST_CONTROLBUS_WORKAROUND/CONTROL_XST_WORKAROUND_O_cmp_eq0000_wg_cy<4>
                                                       sys_ila/U0/U_XST_CONTROLBUS_WORKAROUND/CONTROL_XST_WORKAROUND_O_cmp_eq0000_wg_cy<5>
    SLICE_X51Y78.CIN     net (fanout=1)        0.000   sys_ila/U0/U_XST_CONTROLBUS_WORKAROUND/CONTROL_XST_WORKAROUND_O_cmp_eq0000_wg_cy<5>
    SLICE_X51Y78.COUT    Tbyp                  0.103   sys_ila/U0/U_XST_CONTROLBUS_WORKAROUND/CONTROL_XST_WORKAROUND_O_cmp_eq0000_wg_cy<7>
                                                       sys_ila/U0/U_XST_CONTROLBUS_WORKAROUND/CONTROL_XST_WORKAROUND_O_cmp_eq0000_wg_cy<6>
                                                       sys_ila/U0/U_XST_CONTROLBUS_WORKAROUND/CONTROL_XST_WORKAROUND_O_cmp_eq0000_wg_cy<7>
    SLICE_X51Y79.CIN     net (fanout=1)        0.000   sys_ila/U0/U_XST_CONTROLBUS_WORKAROUND/CONTROL_XST_WORKAROUND_O_cmp_eq0000_wg_cy<7>
    SLICE_X51Y79.XB      Tcinxb                0.352   control0<35>
                                                       sys_ila/U0/U_XST_CONTROLBUS_WORKAROUND/CONTROL_XST_WORKAROUND_O_cmp_eq0000_wg_cy<8>
    SLICE_X44Y78.G1      net (fanout=3)        0.905   sys_ila/U0/U_XST_CONTROLBUS_WORKAROUND/CONTROL_XST_WORKAROUND_O_cmp_eq0000_wg_cy<8>
    SLICE_X44Y78.Y       Tilo                  0.660   sys_ila/U0/I_YES_D.U_ILA/U_STAT/U_MUX/U_CS_MUX/I1.U_MUX2/O37
                                                       sys_ila/U0/I_YES_D.U_ILA/U_STAT/U_MUX/U_CS_MUX/I1.U_MUX2/O4
    SLICE_X44Y79.F4      net (fanout=1)        0.020   sys_ila/U0/I_YES_D.U_ILA/U_STAT/U_MUX/U_CS_MUX/I1.U_MUX2/O4
    SLICE_X44Y79.CLK     Tfck                  0.776   sys_ila/U0/I_YES_D.U_ILA/iSTAT_DOUT
                                                       sys_ila/U0/I_YES_D.U_ILA/U_STAT/U_MUX/U_CS_MUX/I1.U_MUX2/O87
                                                       sys_ila/U0/I_YES_D.U_ILA/U_STAT/U_TDO
    -------------------------------------------------  ---------------------------
    Total                                      9.275ns (4.855ns logic, 4.420ns route)
                                                       (52.3% logic, 47.7% route)

--------------------------------------------------------------------------------
Slack (setup path):     20.753ns (requirement - (data path - clock path skew + uncertainty))
  Source:               sys_icon/U0/U_ICON/U_SYNC/U_SYNC (FF)
  Destination:          sys_ila/U0/I_YES_D.U_ILA/U_STAT/U_TDO (FF)
  Requirement:          30.000ns
  Data Path Delay:      9.247ns (Levels of Logic = 9)
  Clock Path Skew:      0.000ns
  Source Clock:         control0<0> rising at 0.000ns
  Destination Clock:    control0<0> rising at 30.000ns
  Clock Uncertainty:    0.000ns

  Maximum Data Path: sys_icon/U0/U_ICON/U_SYNC/U_SYNC to sys_ila/U0/I_YES_D.U_ILA/U_STAT/U_TDO
    Location             Delay type         Delay(ns)  Physical Resource
                                                       Logical Resource(s)
    -------------------------------------------------  -------------------
    SLICE_X64Y88.YQ      Tcko                  0.567   sys_icon/U0/U_ICON/iSYNC
                                                       sys_icon/U0/U_ICON/U_SYNC/U_SYNC
    SLICE_X65Y88.F1      net (fanout=2)        0.490   sys_icon/U0/U_ICON/iSYNC
    SLICE_X65Y88.X       Tilo                  0.612   sys_icon/U0/U_ICON/U_CTRL_OUT/iDATA_VALID
                                                       sys_icon/U0/U_ICON/U_CTRL_OUT/U_DATA_VALID
    SLICE_X49Y62.G4      net (fanout=29)       2.084   sys_icon/U0/U_ICON/U_CTRL_OUT/iDATA_VALID
    SLICE_X49Y62.Y       Tilo                  0.612   sys_ila/U0/I_YES_D.U_ILA/U_G2_SQ.U_CAPCTRL/U_CAP_ADDRGEN/cfg_data<2>
                                                       sys_icon/U0/U_ICON/U_CTRL_OUT/F_NCP[0].F_CMD[5].U_LCE
    SLICE_X51Y75.G1      net (fanout=47)       0.989   control0<9>
    SLICE_X51Y75.COUT    Topcyg                0.871   sys_ila/U0/U_XST_CONTROLBUS_WORKAROUND/CONTROL_XST_WORKAROUND_O_cmp_eq0000_wg_cy<1>
                                                       sys_ila/U0/U_XST_CONTROLBUS_WORKAROUND/CONTROL_XST_WORKAROUND_O_cmp_eq0000_wg_lut<1>
                                                       sys_ila/U0/U_XST_CONTROLBUS_WORKAROUND/CONTROL_XST_WORKAROUND_O_cmp_eq0000_wg_cy<1>
    SLICE_X51Y76.CIN     net (fanout=1)        0.000   sys_ila/U0/U_XST_CONTROLBUS_WORKAROUND/CONTROL_XST_WORKAROUND_O_cmp_eq0000_wg_cy<1>
    SLICE_X51Y76.COUT    Tbyp                  0.103   sys_ila/U0/U_XST_CONTROLBUS_WORKAROUND/CONTROL_XST_WORKAROUND_O_cmp_eq0000_wg_cy<3>
                                                       sys_ila/U0/U_XST_CONTROLBUS_WORKAROUND/CONTROL_XST_WORKAROUND_O_cmp_eq0000_wg_cy<2>
                                                       sys_ila/U0/U_XST_CONTROLBUS_WORKAROUND/CONTROL_XST_WORKAROUND_O_cmp_eq0000_wg_cy<3>
    SLICE_X51Y77.CIN     net (fanout=1)        0.000   sys_ila/U0/U_XST_CONTROLBUS_WORKAROUND/CONTROL_XST_WORKAROUND_O_cmp_eq0000_wg_cy<3>
    SLICE_X51Y77.COUT    Tbyp                  0.103   sys_ila/U0/U_XST_CONTROLBUS_WORKAROUND/CONTROL_XST_WORKAROUND_O_cmp_eq0000_wg_cy<5>
                                                       sys_ila/U0/U_XST_CONTROLBUS_WORKAROUND/CONTROL_XST_WORKAROUND_O_cmp_eq0000_wg_cy<4>
                                                       sys_ila/U0/U_XST_CONTROLBUS_WORKAROUND/CONTROL_XST_WORKAROUND_O_cmp_eq0000_wg_cy<5>
    SLICE_X51Y78.CIN     net (fanout=1)        0.000   sys_ila/U0/U_XST_CONTROLBUS_WORKAROUND/CONTROL_XST_WORKAROUND_O_cmp_eq0000_wg_cy<5>
    SLICE_X51Y78.COUT    Tbyp                  0.103   sys_ila/U0/U_XST_CONTROLBUS_WORKAROUND/CONTROL_XST_WORKAROUND_O_cmp_eq0000_wg_cy<7>
                                                       sys_ila/U0/U_XST_CONTROLBUS_WORKAROUND/CONTROL_XST_WORKAROUND_O_cmp_eq0000_wg_cy<6>
                                                       sys_ila/U0/U_XST_CONTROLBUS_WORKAROUND/CONTROL_XST_WORKAROUND_O_cmp_eq0000_wg_cy<7>
    SLICE_X51Y79.CIN     net (fanout=1)        0.000   sys_ila/U0/U_XST_CONTROLBUS_WORKAROUND/CONTROL_XST_WORKAROUND_O_cmp_eq0000_wg_cy<7>
    SLICE_X51Y79.XB      Tcinxb                0.352   control0<35>
                                                       sys_ila/U0/U_XST_CONTROLBUS_WORKAROUND/CONTROL_XST_WORKAROUND_O_cmp_eq0000_wg_cy<8>
    SLICE_X44Y78.G1      net (fanout=3)        0.905   sys_ila/U0/U_XST_CONTROLBUS_WORKAROUND/CONTROL_XST_WORKAROUND_O_cmp_eq0000_wg_cy<8>
    SLICE_X44Y78.Y       Tilo                  0.660   sys_ila/U0/I_YES_D.U_ILA/U_STAT/U_MUX/U_CS_MUX/I1.U_MUX2/O37
                                                       sys_ila/U0/I_YES_D.U_ILA/U_STAT/U_MUX/U_CS_MUX/I1.U_MUX2/O4
    SLICE_X44Y79.F4      net (fanout=1)        0.020   sys_ila/U0/I_YES_D.U_ILA/U_STAT/U_MUX/U_CS_MUX/I1.U_MUX2/O4
    SLICE_X44Y79.CLK     Tfck                  0.776   sys_ila/U0/I_YES_D.U_ILA/iSTAT_DOUT
                                                       sys_ila/U0/I_YES_D.U_ILA/U_STAT/U_MUX/U_CS_MUX/I1.U_MUX2/O87
                                                       sys_ila/U0/I_YES_D.U_ILA/U_STAT/U_TDO
    -------------------------------------------------  ---------------------------
    Total                                      9.247ns (4.759ns logic, 4.488ns route)
                                                       (51.5% logic, 48.5% route)

--------------------------------------------------------------------------------

Paths for end point sys_ila/U0/I_YES_D.U_ILA/U_G2_SQ.U_CAPCTRL/I_SRLT_NE_1.U_SCRST/I_NOLUT6.I_SRL_T2.I_YES_RPM.UG1_CFGLUT4 (SLICE_X36Y53.BY), 12 paths
--------------------------------------------------------------------------------
Slack (setup path):     22.055ns (requirement - (data path - clock path skew + uncertainty))
  Source:               sys_icon/U0/U_ICON/U_SYNC/U_SYNC (FF)
  Destination:          sys_ila/U0/I_YES_D.U_ILA/U_G2_SQ.U_CAPCTRL/I_SRLT_NE_1.U_SCRST/I_NOLUT6.I_SRL_T2.I_YES_RPM.UG1_CFGLUT4 (FF)
  Requirement:          30.000ns
  Data Path Delay:      7.945ns (Levels of Logic = 4)
  Clock Path Skew:      0.000ns
  Source Clock:         control0<0> rising at 0.000ns
  Destination Clock:    control0<0> rising at 30.000ns
  Clock Uncertainty:    0.000ns

  Maximum Data Path: sys_icon/U0/U_ICON/U_SYNC/U_SYNC to sys_ila/U0/I_YES_D.U_ILA/U_G2_SQ.U_CAPCTRL/I_SRLT_NE_1.U_SCRST/I_NOLUT6.I_SRL_T2.I_YES_RPM.UG1_CFGLUT4
    Location             Delay type         Delay(ns)  Physical Resource
                                                       Logical Resource(s)
    -------------------------------------------------  -------------------
    SLICE_X64Y88.YQ      Tcko                  0.567   sys_icon/U0/U_ICON/iSYNC
                                                       sys_icon/U0/U_ICON/U_SYNC/U_SYNC
    SLICE_X65Y88.F1      net (fanout=2)        0.490   sys_icon/U0/U_ICON/iSYNC
    SLICE_X65Y88.X       Tilo                  0.612   sys_icon/U0/U_ICON/U_CTRL_OUT/iDATA_VALID
                                                       sys_icon/U0/U_ICON/U_CTRL_OUT/U_DATA_VALID
    SLICE_X49Y62.G4      net (fanout=29)       2.084   sys_icon/U0/U_ICON/U_CTRL_OUT/iDATA_VALID
    SLICE_X49Y62.Y       Tilo                  0.612   sys_ila/U0/I_YES_D.U_ILA/U_G2_SQ.U_CAPCTRL/U_CAP_ADDRGEN/cfg_data<2>
                                                       sys_icon/U0/U_ICON/U_CTRL_OUT/F_NCP[0].F_CMD[5].U_LCE
    SLICE_X37Y57.G3      net (fanout=47)       2.019   control0<9>
    SLICE_X37Y57.Y       Tilo                  0.612   sys_ila/U0/I_YES_D.U_ILA/U_G2_SQ.U_CAPCTRL/I_SRLT_NE_1.U_WLCMPCE/iCFG_DIN
                                                       sys_ila/U0/I_YES_D.U_ILA/U_G2_SQ.U_CAPCTRL/I_SRLT_NE_1.U_SCRST/I_NOLUT6.I_SRL_T2.U_LUT
    SLICE_X36Y53.BY      net (fanout=1)        0.564   sys_ila/U0/I_YES_D.U_ILA/U_G2_SQ.U_CAPCTRL/I_SRLT_NE_1.U_SCRST/iCFG_DIN
    SLICE_X36Y53.CLK     Tds                   0.385   sys_ila/U0/I_YES_D.U_ILA/U_G2_SQ.U_CAPCTRL/I_SRLT_NE_1.U_SCRST/jO<1>
                                                       sys_ila/U0/I_YES_D.U_ILA/U_G2_SQ.U_CAPCTRL/I_SRLT_NE_1.U_SCRST/I_NOLUT6.I_SRL_T2.I_YES_RPM.UG1_CFGLUT4
    -------------------------------------------------  ---------------------------
    Total                                      7.945ns (2.788ns logic, 5.157ns route)
                                                       (35.1% logic, 64.9% route)

--------------------------------------------------------------------------------
Slack (setup path):     22.204ns (requirement - (data path - clock path skew + uncertainty))
  Source:               sys_icon/U0/U_ICON/U_CMD/G_TARGET[12].I_NE0.U_TARGET (FF)
  Destination:          sys_ila/U0/I_YES_D.U_ILA/U_G2_SQ.U_CAPCTRL/I_SRLT_NE_1.U_SCRST/I_NOLUT6.I_SRL_T2.I_YES_RPM.UG1_CFGLUT4 (FF)
  Requirement:          30.000ns
  Data Path Delay:      7.796ns (Levels of Logic = 4)
  Clock Path Skew:      0.000ns
  Source Clock:         control0<0> rising at 0.000ns
  Destination Clock:    control0<0> rising at 30.000ns
  Clock Uncertainty:    0.000ns

  Maximum Data Path: sys_icon/U0/U_ICON/U_CMD/G_TARGET[12].I_NE0.U_TARGET to sys_ila/U0/I_YES_D.U_ILA/U_G2_SQ.U_CAPCTRL/I_SRLT_NE_1.U_SCRST/I_NOLUT6.I_SRL_T2.I_YES_RPM.UG1_CFGLUT4
    Location             Delay type         Delay(ns)  Physical Resource
                                                       Logical Resource(s)
    -------------------------------------------------  -------------------
    SLICE_X54Y84.YQ      Tcko                  0.567   sys_icon/U0/U_ICON/iCORE_ID<1>
                                                       sys_icon/U0/U_ICON/U_CMD/G_TARGET[12].I_NE0.U_TARGET
    SLICE_X54Y85.F2      net (fanout=5)        0.593   sys_icon/U0/U_ICON/iCORE_ID<0>
    SLICE_X54Y85.X       Tilo                  0.660   sys_icon/U0/U_ICON/iCORE_ID_SEL<0>
                                                       sys_icon/U0/U_ICON/U_CMD/U_CORE_ID_SEL/I4.FI[0].U_LUT
    SLICE_X49Y62.G2      net (fanout=29)       1.784   sys_icon/U0/U_ICON/iCORE_ID_SEL<0>
    SLICE_X49Y62.Y       Tilo                  0.612   sys_ila/U0/I_YES_D.U_ILA/U_G2_SQ.U_CAPCTRL/U_CAP_ADDRGEN/cfg_data<2>
                                                       sys_icon/U0/U_ICON/U_CTRL_OUT/F_NCP[0].F_CMD[5].U_LCE
    SLICE_X37Y57.G3      net (fanout=47)       2.019   control0<9>
    SLICE_X37Y57.Y       Tilo                  0.612   sys_ila/U0/I_YES_D.U_ILA/U_G2_SQ.U_CAPCTRL/I_SRLT_NE_1.U_WLCMPCE/iCFG_DIN
                                                       sys_ila/U0/I_YES_D.U_ILA/U_G2_SQ.U_CAPCTRL/I_SRLT_NE_1.U_SCRST/I_NOLUT6.I_SRL_T2.U_LUT
    SLICE_X36Y53.BY      net (fanout=1)        0.564   sys_ila/U0/I_YES_D.U_ILA/U_G2_SQ.U_CAPCTRL/I_SRLT_NE_1.U_SCRST/iCFG_DIN
    SLICE_X36Y53.CLK     Tds                   0.385   sys_ila/U0/I_YES_D.U_ILA/U_G2_SQ.U_CAPCTRL/I_SRLT_NE_1.U_SCRST/jO<1>
                                                       sys_ila/U0/I_YES_D.U_ILA/U_G2_SQ.U_CAPCTRL/I_SRLT_NE_1.U_SCRST/I_NOLUT6.I_SRL_T2.I_YES_RPM.UG1_CFGLUT4
    -------------------------------------------------  ---------------------------
    Total                                      7.796ns (2.836ns logic, 4.960ns route)
                                                       (36.4% logic, 63.6% route)

--------------------------------------------------------------------------------
Slack (setup path):     22.232ns (requirement - (data path - clock path skew + uncertainty))
  Source:               sys_icon/U0/U_ICON/U_CMD/G_TARGET[13].I_NE0.U_TARGET (FF)
  Destination:          sys_ila/U0/I_YES_D.U_ILA/U_G2_SQ.U_CAPCTRL/I_SRLT_NE_1.U_SCRST/I_NOLUT6.I_SRL_T2.I_YES_RPM.UG1_CFGLUT4 (FF)
  Requirement:          30.000ns
  Data Path Delay:      7.768ns (Levels of Logic = 4)
  Clock Path Skew:      0.000ns
  Source Clock:         control0<0> rising at 0.000ns
  Destination Clock:    control0<0> rising at 30.000ns
  Clock Uncertainty:    0.000ns

  Maximum Data Path: sys_icon/U0/U_ICON/U_CMD/G_TARGET[13].I_NE0.U_TARGET to sys_ila/U0/I_YES_D.U_ILA/U_G2_SQ.U_CAPCTRL/I_SRLT_NE_1.U_SCRST/I_NOLUT6.I_SRL_T2.I_YES_RPM.UG1_CFGLUT4
    Location             Delay type         Delay(ns)  Physical Resource
                                                       Logical Resource(s)
    -------------------------------------------------  -------------------
    SLICE_X54Y84.XQ      Tcko                  0.515   sys_icon/U0/U_ICON/iCORE_ID<1>
                                                       sys_icon/U0/U_ICON/U_CMD/G_TARGET[13].I_NE0.U_TARGET
    SLICE_X54Y85.F1      net (fanout=5)        0.617   sys_icon/U0/U_ICON/iCORE_ID<1>
    SLICE_X54Y85.X       Tilo                  0.660   sys_icon/U0/U_ICON/iCORE_ID_SEL<0>
                                                       sys_icon/U0/U_ICON/U_CMD/U_CORE_ID_SEL/I4.FI[0].U_LUT
    SLICE_X49Y62.G2      net (fanout=29)       1.784   sys_icon/U0/U_ICON/iCORE_ID_SEL<0>
    SLICE_X49Y62.Y       Tilo                  0.612   sys_ila/U0/I_YES_D.U_ILA/U_G2_SQ.U_CAPCTRL/U_CAP_ADDRGEN/cfg_data<2>
                                                       sys_icon/U0/U_ICON/U_CTRL_OUT/F_NCP[0].F_CMD[5].U_LCE
    SLICE_X37Y57.G3      net (fanout=47)       2.019   control0<9>
    SLICE_X37Y57.Y       Tilo                  0.612   sys_ila/U0/I_YES_D.U_ILA/U_G2_SQ.U_CAPCTRL/I_SRLT_NE_1.U_WLCMPCE/iCFG_DIN
                                                       sys_ila/U0/I_YES_D.U_ILA/U_G2_SQ.U_CAPCTRL/I_SRLT_NE_1.U_SCRST/I_NOLUT6.I_SRL_T2.U_LUT
    SLICE_X36Y53.BY      net (fanout=1)        0.564   sys_ila/U0/I_YES_D.U_ILA/U_G2_SQ.U_CAPCTRL/I_SRLT_NE_1.U_SCRST/iCFG_DIN
    SLICE_X36Y53.CLK     Tds                   0.385   sys_ila/U0/I_YES_D.U_ILA/U_G2_SQ.U_CAPCTRL/I_SRLT_NE_1.U_SCRST/jO<1>
                                                       sys_ila/U0/I_YES_D.U_ILA/U_G2_SQ.U_CAPCTRL/I_SRLT_NE_1.U_SCRST/I_NOLUT6.I_SRL_T2.I_YES_RPM.UG1_CFGLUT4
    -------------------------------------------------  ---------------------------
    Total                                      7.768ns (2.784ns logic, 4.984ns route)
                                                       (35.8% logic, 64.2% route)

--------------------------------------------------------------------------------

Hold Paths: TS_J_CLK = PERIOD TIMEGRP "J_CLK" 30 ns HIGH 50%;
--------------------------------------------------------------------------------

Paths for end point sys_ila/U0/I_YES_D.U_ILA/U_G2_SQ.U_CAPCTRL/U_CAP_ADDRGEN/I_0_TO_64K.F_SEL[11].U_SEL (SLICE_X35Y55.BX), 1 path
--------------------------------------------------------------------------------
Slack (hold path):      0.806ns (requirement - (clock path skew + uncertainty - data path))
  Source:               sys_ila/U0/I_YES_D.U_ILA/U_G2_SQ.U_CAPCTRL/U_CAP_ADDRGEN/I_0_TO_64K.F_SEL[10].U_SEL (FF)
  Destination:          sys_ila/U0/I_YES_D.U_ILA/U_G2_SQ.U_CAPCTRL/U_CAP_ADDRGEN/I_0_TO_64K.F_SEL[11].U_SEL (FF)
  Requirement:          0.000ns
  Data Path Delay:      0.806ns (Levels of Logic = 0)
  Clock Path Skew:      0.000ns
  Source Clock:         control0<0> rising at 30.000ns
  Destination Clock:    control0<0> rising at 30.000ns
  Clock Uncertainty:    0.000ns

  Minimum Data Path: sys_ila/U0/I_YES_D.U_ILA/U_G2_SQ.U_CAPCTRL/U_CAP_ADDRGEN/I_0_TO_64K.F_SEL[10].U_SEL to sys_ila/U0/I_YES_D.U_ILA/U_G2_SQ.U_CAPCTRL/U_CAP_ADDRGEN/I_0_TO_64K.F_SEL[11].U_SEL
    Location             Delay type         Delay(ns)  Physical Resource
                                                       Logical Resource(s)
    -------------------------------------------------  -------------------
    SLICE_X35Y55.YQ      Tcko                  0.409   sys_ila/U0/I_YES_D.U_ILA/U_G2_SQ.U_CAPCTRL/U_CAP_ADDRGEN/cfg_data_vec<12>
                                                       sys_ila/U0/I_YES_D.U_ILA/U_G2_SQ.U_CAPCTRL/U_CAP_ADDRGEN/I_0_TO_64K.F_SEL[10].U_SEL
    SLICE_X35Y55.BX      net (fanout=1)        0.317   sys_ila/U0/I_YES_D.U_ILA/U_G2_SQ.U_CAPCTRL/U_CAP_ADDRGEN/cfg_data_vec<11>
    SLICE_X35Y55.CLK     Tckdi       (-Th)    -0.080   sys_ila/U0/I_YES_D.U_ILA/U_G2_SQ.U_CAPCTRL/U_CAP_ADDRGEN/cfg_data_vec<12>
                                                       sys_ila/U0/I_YES_D.U_ILA/U_G2_SQ.U_CAPCTRL/U_CAP_ADDRGEN/I_0_TO_64K.F_SEL[11].U_SEL
    -------------------------------------------------  ---------------------------
    Total                                      0.806ns (0.489ns logic, 0.317ns route)
                                                       (60.7% logic, 39.3% route)

--------------------------------------------------------------------------------

Paths for end point sys_ila/U0/I_YES_D.U_ILA/U_G2_SQ.U_CAPCTRL/U_CAP_ADDRGEN/I_0_TO_64K.F_SEL[15].U_SEL (SLICE_X35Y57.BX), 1 path
--------------------------------------------------------------------------------
Slack (hold path):      0.806ns (requirement - (clock path skew + uncertainty - data path))
  Source:               sys_ila/U0/I_YES_D.U_ILA/U_G2_SQ.U_CAPCTRL/U_CAP_ADDRGEN/I_0_TO_64K.F_SEL[14].U_SEL (FF)
  Destination:          sys_ila/U0/I_YES_D.U_ILA/U_G2_SQ.U_CAPCTRL/U_CAP_ADDRGEN/I_0_TO_64K.F_SEL[15].U_SEL (FF)
  Requirement:          0.000ns
  Data Path Delay:      0.806ns (Levels of Logic = 0)
  Clock Path Skew:      0.000ns
  Source Clock:         control0<0> rising at 30.000ns
  Destination Clock:    control0<0> rising at 30.000ns
  Clock Uncertainty:    0.000ns

  Minimum Data Path: sys_ila/U0/I_YES_D.U_ILA/U_G2_SQ.U_CAPCTRL/U_CAP_ADDRGEN/I_0_TO_64K.F_SEL[14].U_SEL to sys_ila/U0/I_YES_D.U_ILA/U_G2_SQ.U_CAPCTRL/U_CAP_ADDRGEN/I_0_TO_64K.F_SEL[15].U_SEL
    Location             Delay type         Delay(ns)  Physical Resource
                                                       Logical Resource(s)
    -------------------------------------------------  -------------------
    SLICE_X35Y57.YQ      Tcko                  0.409   sys_ila/U0/I_YES_D.U_ILA/U_G2_SQ.U_CAPCTRL/U_CAP_ADDRGEN/cfg_data_vec<16>
                                                       sys_ila/U0/I_YES_D.U_ILA/U_G2_SQ.U_CAPCTRL/U_CAP_ADDRGEN/I_0_TO_64K.F_SEL[14].U_SEL
    SLICE_X35Y57.BX      net (fanout=1)        0.317   sys_ila/U0/I_YES_D.U_ILA/U_G2_SQ.U_CAPCTRL/U_CAP_ADDRGEN/cfg_data_vec<15>
    SLICE_X35Y57.CLK     Tckdi       (-Th)    -0.080   sys_ila/U0/I_YES_D.U_ILA/U_G2_SQ.U_CAPCTRL/U_CAP_ADDRGEN/cfg_data_vec<16>
                                                       sys_ila/U0/I_YES_D.U_ILA/U_G2_SQ.U_CAPCTRL/U_CAP_ADDRGEN/I_0_TO_64K.F_SEL[15].U_SEL
    -------------------------------------------------  ---------------------------
    Total                                      0.806ns (0.489ns logic, 0.317ns route)
                                                       (60.7% logic, 39.3% route)

--------------------------------------------------------------------------------

Paths for end point sys_ila/U0/I_YES_D.U_ILA/U_G2_SQ.U_CAPCTRL/U_CAP_ADDRGEN/I_0_TO_64K.I_SRL.U_SELX (SLICE_X38Y54.BY), 1 path
--------------------------------------------------------------------------------
Slack (hold path):      0.812ns (requirement - (clock path skew + uncertainty - data path))
  Source:               sys_ila/U0/I_YES_D.U_ILA/U_G2_SQ.U_CAPCTRL/U_CAP_ADDRGEN/I_0_TO_64K.F_SEL[15].U_SEL (FF)
  Destination:          sys_ila/U0/I_YES_D.U_ILA/U_G2_SQ.U_CAPCTRL/U_CAP_ADDRGEN/I_0_TO_64K.I_SRL.U_SELX (FF)
  Requirement:          0.000ns
  Data Path Delay:      0.812ns (Levels of Logic = 1)
  Clock Path Skew:      0.000ns
  Source Clock:         control0<0> rising at 30.000ns
  Destination Clock:    control0<0> rising at 30.000ns
  Clock Uncertainty:    0.000ns

  Minimum Data Path: sys_ila/U0/I_YES_D.U_ILA/U_G2_SQ.U_CAPCTRL/U_CAP_ADDRGEN/I_0_TO_64K.F_SEL[15].U_SEL to sys_ila/U0/I_YES_D.U_ILA/U_G2_SQ.U_CAPCTRL/U_CAP_ADDRGEN/I_0_TO_64K.I_SRL.U_SELX
    Location             Delay type         Delay(ns)  Physical Resource
                                                       Logical Resource(s)
    -------------------------------------------------  -------------------
    SLICE_X35Y57.XQ      Tcko                  0.411   sys_ila/U0/I_YES_D.U_ILA/U_G2_SQ.U_CAPCTRL/U_CAP_ADDRGEN/cfg_data_vec<16>
                                                       sys_ila/U0/I_YES_D.U_ILA/U_G2_SQ.U_CAPCTRL/U_CAP_ADDRGEN/I_0_TO_64K.F_SEL[15].U_SEL
    SLICE_X38Y54.BY      net (fanout=1)        0.511   sys_ila/U0/I_YES_D.U_ILA/U_G2_SQ.U_CAPCTRL/U_CAP_ADDRGEN/cfg_data_vec<16>
    SLICE_X38Y54.CLK     Tdh         (-Th)     0.110   sys_ila/U0/I_YES_D.U_ILA/U_G2_SQ.U_CAPCTRL/U_CAP_ADDRGEN/cfg_data<0>
                                                       sys_ila/U0/I_YES_D.U_ILA/U_G2_SQ.U_CAPCTRL/U_CAP_ADDRGEN/I_0_TO_64K.I_SRL.U_SELX
    -------------------------------------------------  ---------------------------
    Total                                      0.812ns (0.301ns logic, 0.511ns route)
                                                       (37.1% logic, 62.9% route)

--------------------------------------------------------------------------------

Component Switching Limit Checks: TS_J_CLK = PERIOD TIMEGRP "J_CLK" 30 ns HIGH 50%;
--------------------------------------------------------------------------------
Slack: 27.224ns (period - (min low pulse limit / (low pulse / period)))
  Period: 30.000ns
  Low pulse: 15.000ns
  Low pulse limit: 1.388ns (Trpw)
  Physical resource: sys_ila/U0/I_YES_D.U_ILA/U_STAT/U_DSL1/din_latched/SR
  Logical resource: sys_ila/U0/I_YES_D.U_ILA/U_STAT/U_DSL1/U_TFDRE/SR
  Location pin: SLICE_X48Y73.SR
  Clock network: sys_ila/U0/I_YES_D.U_ILA/U_STAT/U_DSL1/iCLR
--------------------------------------------------------------------------------
Slack: 27.224ns (period - (min high pulse limit / (high pulse / period)))
  Period: 30.000ns
  High pulse: 15.000ns
  High pulse limit: 1.388ns (Trpw)
  Physical resource: sys_ila/U0/I_YES_D.U_ILA/U_STAT/U_DSL1/din_latched/SR
  Logical resource: sys_ila/U0/I_YES_D.U_ILA/U_STAT/U_DSL1/U_TFDRE/SR
  Location pin: SLICE_X48Y73.SR
  Clock network: sys_ila/U0/I_YES_D.U_ILA/U_STAT/U_DSL1/iCLR
--------------------------------------------------------------------------------
Slack: 27.224ns (period - (min low pulse limit / (low pulse / period)))
  Period: 30.000ns
  Low pulse: 15.000ns
  Low pulse limit: 1.388ns (Trpw)
  Physical resource: sys_icon/U0/U_ICON/iCOMMAND_GRP<1>/SR
  Logical resource: sys_icon/U0/U_ICON/U_CMD/G_TARGET[7].I_NE0.U_TARGET/SR
  Location pin: SLICE_X55Y80.SR
  Clock network: sys_icon/U0/U_ICON/iSEL
--------------------------------------------------------------------------------


All constraints were met.


Data Sheet report:
-----------------
No constraints were found to generate data for the Data Sheet Report section.
Use the Advanced Analysis (-a) option or generate global constraints for each
clock, its pad to setup and clock to pad paths, and a pad to pad constraint.

Timing summary:
---------------

Timing errors: 0  Score: 0  (Setup/Max: 0, Hold: 0)

Constraints cover 3262 paths, 0 nets, and 943 connections

Design statistics:
   Minimum period:  11.442ns{1}   (Maximum frequency:  87.397MHz)
   Maximum path delay from/to any node:   3.376ns


------------------------------------Footnotes-----------------------------------
1)  The minimum period statistic assumes all single cycle delays.

Analysis completed Tue Nov 18 14:57:00 2025 
--------------------------------------------------------------------------------

Trace Settings:
-------------------------
Trace Settings 

Peak Memory Usage: 389 MB



